{"all":{"AcmeAirConfiguration31":{"cluster":"Session_service","classname":"AcmeAirConfiguration","subgraphs":{"Subgraph1":{"relocate_to":{},"methods":["countCustomer()"],"written_variables":{},"Subgraph":{"method_call_details_1":{"method_1":"countCustomer()","calls_1":{"CustomerService_count()":{"method":"count()","class":"CustomerService","cluster":"Customer_service"}}}},"caller_classes":[],"called_classes":["CustomerService"],"read_variables":{}},"Subgraph5":{"relocate_to":{},"methods":["getRuntimeInfo()"],"written_variables":{},"Subgraph":{"method_call_details_1":{"method_1":"getRuntimeInfo()"}},"caller_classes":[],"called_classes":[],"read_variables":{}},"Subgraph4":{"relocate_to":{},"methods":["getActiveDataServiceInfo()"],"written_variables":{},"Subgraph":{"method_call_details_1":{"method_1":"getActiveDataServiceInfo()","calls_1":{"BookingService_getServiceType()":{"method":"getServiceType()","class":"BookingService","cluster":"Session_service"}}}},"caller_classes":[],"called_classes":["BookingService"],"read_variables":{}},"Subgraph3":{"relocate_to":{},"methods":["countBookings()"],"written_variables":{},"Subgraph":{"method_call_details_1":{"method_1":"countBookings()","calls_1":{"BookingService_count()":{"method":"count()","class":"BookingService","cluster":"Session_service"}}}},"caller_classes":[],"called_classes":["BookingService"],"read_variables":{}},"Subgraph2":{"relocate_to":{},"methods":["countFlights()"],"written_variables":{},"Subgraph":{"method_call_details_1":{"method_1":"countFlights()","calls_1":{"FlightService_countFlights()":{"method":"countFlights()","class":"FlightService","cluster":"FlightBy_service"}}}},"caller_classes":[],"called_classes":["FlightService"],"read_variables":{}},"Subgraph8":{"relocate_to":{},"methods":["countCustomerSessions()"],"written_variables":{},"Subgraph":{"method_call_details_1":{"method_1":"countCustomerSessions()","calls_1":{"AuthService_countSessions()":{"method":"countSessions()","class":"AuthService","cluster":"Session_service"}}}},"caller_classes":[],"called_classes":["AuthService"],"read_variables":{}},"Subgraph7":{"relocate_to":{},"methods":["countFlightSegments()"],"written_variables":{},"Subgraph":{"method_call_details_1":{"method_1":"countFlightSegments()","calls_1":{"FlightService_countFlightSegments()":{"method":"countFlightSegments()","class":"FlightService","cluster":"FlightBy_service"}}}},"caller_classes":[],"called_classes":["FlightService"],"read_variables":{}},"Subgraph6":{"relocate_to":{},"methods":["countAirports()"],"written_variables":{},"Subgraph":{"method_call_details_1":{"method_1":"countAirports()","calls_1":{"FlightService_countAirports()":{"method":"countAirports()","class":"FlightService","cluster":"FlightBy_service"}}}},"caller_classes":[],"called_classes":["FlightService"],"read_variables":{}}}},"CustomerServiceImpl16":{"cluster":"Customer_service","classname":"CustomerServiceImpl","subgraphs":{"Subgraph1":{"relocate_to":{},"methods":["count()"],"written_variables":{},"Subgraph":{"method_call_details_1":{"method_1":"count()"}},"caller_classes":[],"called_classes":[],"read_variables":{}},"Subgraph5":{"relocate_to":{},"methods":["createAddress(String, String, String, String, String, String)"],"written_variables":{},"Subgraph":{"method_call_details_1":{"method_1":"createAddress(String, String, String, String, String, String)"}},"caller_classes":[],"called_classes":[],"read_variables":{}},"Subgraph4":{"relocate_to":{},"methods":["updateCustomer(String, CustomerInfo)"],"written_variables":{},"Subgraph":{"method_call_details_1":{"method_1":"updateCustomer(String, CustomerInfo)","calls_1":{"CustomerInfo_getStatus()":{"method":"getStatus()","class":"CustomerInfo","cluster":"Customer_service"},"CustomerInfo_getPhoneNumberType()":{"method":"getPhoneNumberType()","class":"CustomerInfo","cluster":"Customer_service"},"CustomerInfo_getMiles_ytd()":{"method":"getMiles_ytd()","class":"CustomerInfo","cluster":"Customer_service"},"CustomerInfo_get_id()":{"method":"get_id()","class":"CustomerInfo","cluster":"Customer_service"},"AddressInfo_getStateProvince()":{"method":"getStateProvince()","class":"AddressInfo","cluster":"Customer_service"},"CustomerInfo_getPhoneNumber()":{"method":"getPhoneNumber()","class":"CustomerInfo","cluster":"Customer_service"},"AddressInfo_getPostalCode()":{"method":"getPostalCode()","class":"AddressInfo","cluster":"Customer_service"},"AddressInfo_getCity()":{"method":"getCity()","class":"AddressInfo","cluster":"Customer_service"},"CustomerInfo_getAddress()":{"method":"getAddress()","class":"CustomerInfo","cluster":"Customer_service"},"AddressInfo_getStreetAddress2()":{"method":"getStreetAddress2()","class":"AddressInfo","cluster":"Customer_service"},"CustomerInfo_getTotal_miles()":{"method":"getTotal_miles()","class":"CustomerInfo","cluster":"Customer_service"},"AddressInfo_getStreetAddress1()":{"method":"getStreetAddress1()","class":"AddressInfo","cluster":"Customer_service"},"AddressInfo_getCountry()":{"method":"getCountry()","class":"AddressInfo","cluster":"Customer_service"}}}},"caller_classes":[],"called_classes":["CustomerInfo","AddressInfo"],"read_variables":{}},"Subgraph3":{"relocate_to":{},"methods":["getCustomerByUsername(String)"],"written_variables":{},"Subgraph":{"method_call_details_1":{"method_1":"getCustomerByUsername(String)"}},"caller_classes":[],"called_classes":[],"read_variables":{}},"Subgraph2":{"relocate_to":{},"methods":["initialization()"],"written_variables":{"customer_CustomerServiceImpl":{"field":"customer","class":"CustomerServiceImpl"}},"Subgraph":{"method_call_details_1":{"method_1":"initialization()","calls_1":{"ConnectionManager_getDB()":{"method":"getDB()","class":"ConnectionManager","cluster":"FlightBy_service"},"ConnectionManager_getConnectionManager()":{"method":"getConnectionManager()","class":"ConnectionManager","cluster":"FlightBy_service"}}}},"caller_classes":[],"called_classes":["ConnectionManager"],"read_variables":{"customer_CustomerServiceImpl":{"field":"customer","class":"CustomerServiceImpl"}}},"Subgraph8":{"relocate_to":{},"methods":["createCustomer(String, String, String, int, int, String, String, String)"],"written_variables":{},"Subgraph":{"method_call_details_1":{"method_1":"createCustomer(String, String, String, int, int, String, String, String)"}},"caller_classes":[],"called_classes":[],"read_variables":{}},"Subgraph7":{"relocate_to":{},"methods":["dropCustomers()"],"written_variables":{},"Subgraph":{"method_call_details_1":{"method_1":"dropCustomers()"}},"caller_classes":[],"called_classes":[],"read_variables":{}},"Subgraph6":{"relocate_to":{},"methods":["getCustomer(String)"],"written_variables":{},"Subgraph":{"method_call_details_1":{"method_1":"getCustomer(String)"}},"caller_classes":[],"called_classes":[],"read_variables":{}}}},"RESTCookieSessionFilter7":{"cluster":"Unassigned_group_service","classname":"RESTCookieSessionFilter","subgraphs":{"Subgraph1":{"relocate_to":{},"methods":["init(FilterConfig)"],"written_variables":{},"Subgraph":{"method_call_details_1":{"method_1":"init(FilterConfig)"}},"caller_classes":[],"called_classes":[],"read_variables":{}},"Subgraph3":{"relocate_to":{},"methods":["doFilter(ServletRequest, ServletResponse, FilterChain)"],"written_variables":{"SESSIONID_COOKIE_NAME_LoginREST":{"field":"SESSIONID_COOKIE_NAME","class":"LoginREST"},"LOGIN_PATH_RESTCookieSessionFilter":{"field":"LOGIN_PATH","class":"RESTCookieSessionFilter"},"LOADDB_PATH_RESTCookieSessionFilter":{"field":"LOADDB_PATH","class":"RESTCookieSessionFilter"},"QUERY_PATH_RESTCookieSessionFilter":{"field":"QUERY_PATH","class":"RESTCookieSessionFilter"},"SC_FORBIDDEN_HttpServletResponse":{"field":"SC_FORBIDDEN","class":"HttpServletResponse"},"LOGIN_USER_RESTCookieSessionFilter":{"field":"LOGIN_USER","class":"RESTCookieSessionFilter"}},"Subgraph":{"method_call_details_1":{"method_1":"doFilter(ServletRequest, ServletResponse, FilterChain)","calls_1":{"AuthService_validateSession(String)":{"method":"validateSession(String)","class":"AuthService","cluster":"Session_service"}}}},"caller_classes":[],"called_classes":["AuthService"],"read_variables":{"SESSIONID_COOKIE_NAME_LoginREST":{"field":"SESSIONID_COOKIE_NAME","class":"LoginREST"},"LOGIN_PATH_RESTCookieSessionFilter":{"field":"LOGIN_PATH","class":"RESTCookieSessionFilter"},"LOADDB_PATH_RESTCookieSessionFilter":{"field":"LOADDB_PATH","class":"RESTCookieSessionFilter"},"QUERY_PATH_RESTCookieSessionFilter":{"field":"QUERY_PATH","class":"RESTCookieSessionFilter"},"SC_FORBIDDEN_HttpServletResponse":{"field":"SC_FORBIDDEN","class":"HttpServletResponse"},"LOGIN_USER_RESTCookieSessionFilter":{"field":"LOGIN_USER","class":"RESTCookieSessionFilter"}}},"Subgraph2":{"relocate_to":{},"methods":["destroy()"],"written_variables":{},"Subgraph":{"method_call_details_1":{"method_1":"destroy()"}},"caller_classes":[],"called_classes":[],"read_variables":{}}}},"CustomerService32":{"cluster":"Customer_service","classname":"CustomerService","subgraphs":{"Subgraph1":{"relocate_to":{},"methods":["getCustomerByUsernameAndPassword(String, String)","getCustomer(String)","createAddress(String, String, String, String, String, String)","count()","updateCustomer(String, CustomerInfo)","createCustomer(String, String, String, int, int, String, String, String)","getCustomerByUsername(String)","dropCustomers()","validateCustomer(String, String)"],"written_variables":{},"Subgraph":{"method_call_details_1":{"method_1":"getCustomerByUsernameAndPassword(String, String)","called_by_1":{"CustomerREST_putCustomer(String, CustomerInfo)":{"method":"putCustomer(String, CustomerInfo)","class":"CustomerREST","cluster":"Customer_service"}}},"method_call_details_2":{"method_2":"getCustomer(String)"},"method_call_details_3":{"method_3":"createAddress(String, String, String, String, String, String)"},"method_call_details_4":{"method_4":"count()","called_by_4":{"AcmeAirConfiguration_countCustomer()":{"method":"countCustomer()","class":"AcmeAirConfiguration","cluster":"Session_service"}}},"method_call_details_5":{"method_5":"updateCustomer(String, CustomerInfo)","called_by_5":{"CustomerREST_putCustomer(String, CustomerInfo)":{"method":"putCustomer(String, CustomerInfo)","class":"CustomerREST","cluster":"Customer_service"}}},"method_call_details_6":{"method_6":"createCustomer(String, String, String, int, int, String, String, String)","called_by_6":{"CustomerLoader_loadCustomers(long)":{"method":"loadCustomers(long)","class":"CustomerLoader","cluster":"ServiceType_service"}}},"method_call_details_7":{"method_7":"getCustomerByUsername(String)","called_by_7":{"CustomerREST_getCustomer(String, String)":{"method":"getCustomer(String, String)","class":"CustomerREST","cluster":"Customer_service"}}},"method_call_details_8":{"method_8":"dropCustomers()","called_by_8":{"CustomerLoader_dropCustomers()":{"method":"dropCustomers()","class":"CustomerLoader","cluster":"ServiceType_service"}}},"method_call_details_9":{"method_9":"validateCustomer(String, String)","called_by_9":{"LoginREST_login(String, String)":{"method":"login(String, String)","class":"LoginREST","cluster":"Session_service"}}}},"caller_classes":["CustomerREST","AcmeAirConfiguration","CustomerLoader","LoginREST"],"called_classes":[],"read_variables":{}}}},"AddressInfo6":{"cluster":"Customer_service","classname":"AddressInfo","subgraphs":{"Subgraph1":{"relocate_to":{},"methods":["getStreetAddress1()","equals(Object)","setCity(String)","getStateProvince()","setCountry(String)","toString()","getCity()","getPostalCode()","getCountry()","getStreetAddress2()","setPostalCode(String)","setStreetAddress1(String)","setStateProvince(String)","setStreetAddress2(String)"],"written_variables":{"streetAddress2_AddressInfo":{"field":"streetAddress2","class":"AddressInfo"},"streetAddress1_AddressInfo":{"field":"streetAddress1","class":"AddressInfo"},"city_AddressInfo":{"field":"city","class":"AddressInfo"},"stateProvince_AddressInfo":{"field":"stateProvince","class":"AddressInfo"},"country_AddressInfo":{"field":"country","class":"AddressInfo"},"postalCode_AddressInfo":{"field":"postalCode","class":"AddressInfo"}},"Subgraph":{"method_call_details_1":{"method_1":"getStreetAddress1()","called_by_1":{"CustomerServiceImpl_updateCustomer(String, CustomerInfo)":{"method":"updateCustomer(String, CustomerInfo)","class":"CustomerServiceImpl","cluster":"Customer_service"}}},"method_call_details_2":{"method_2":"equals(Object)","called_by_2":{"CustomerInfo_equals(Object)":{"method":"equals(Object)","class":"CustomerInfo","cluster":"Customer_service"}}},"method_call_details_3":{"method_3":"setCity(String)"},"method_call_details_4":{"method_4":"getStateProvince()","called_by_4":{"CustomerServiceImpl_updateCustomer(String, CustomerInfo)":{"method":"updateCustomer(String, CustomerInfo)","class":"CustomerServiceImpl","cluster":"Customer_service"}}},"method_call_details_5":{"method_5":"setCountry(String)"},"method_call_details_6":{"method_6":"toString()"},"method_call_details_7":{"method_7":"getCity()","called_by_7":{"CustomerServiceImpl_updateCustomer(String, CustomerInfo)":{"method":"updateCustomer(String, CustomerInfo)","class":"CustomerServiceImpl","cluster":"Customer_service"}}},"method_call_details_8":{"method_8":"getPostalCode()","called_by_8":{"CustomerServiceImpl_updateCustomer(String, CustomerInfo)":{"method":"updateCustomer(String, CustomerInfo)","class":"CustomerServiceImpl","cluster":"Customer_service"}}},"method_call_details_9":{"method_9":"getCountry()","called_by_9":{"CustomerServiceImpl_updateCustomer(String, CustomerInfo)":{"method":"updateCustomer(String, CustomerInfo)","class":"CustomerServiceImpl","cluster":"Customer_service"}}},"method_call_details_10":{"method_10":"getStreetAddress2()","called_by_10":{"CustomerServiceImpl_updateCustomer(String, CustomerInfo)":{"method":"updateCustomer(String, CustomerInfo)","class":"CustomerServiceImpl","cluster":"Customer_service"}}},"method_call_details_11":{"method_11":"setPostalCode(String)"},"method_call_details_12":{"method_12":"setStreetAddress1(String)"},"method_call_details_13":{"method_13":"setStateProvince(String)"},"method_call_details_14":{"method_14":"setStreetAddress2(String)"}},"caller_classes":["CustomerServiceImpl","CustomerInfo"],"called_classes":[],"read_variables":{"streetAddress2_AddressInfo":{"field":"streetAddress2","class":"AddressInfo"},"streetAddress1_AddressInfo":{"field":"streetAddress1","class":"AddressInfo"},"city_AddressInfo":{"field":"city","class":"AddressInfo"},"stateProvince_AddressInfo":{"field":"stateProvince","class":"AddressInfo"},"country_AddressInfo":{"field":"country","class":"AddressInfo"},"postalCode_AddressInfo":{"field":"postalCode","class":"AddressInfo"}}}}},"AuthService21":{"cluster":"Session_service","classname":"AuthService","subgraphs":{"Subgraph1":{"relocate_to":{},"methods":["countSessions()","validateSession(String)","invalidateSession(String)","removeSession(String)","getSession(String)","createSession(String, String, Date, Date)","dropSessions()","createSession(String)"],"written_variables":{"DAY_OF_YEAR_Calendar":{"field":"DAY_OF_YEAR","class":"Calendar"},"DAYS_TO_ALLOW_SESSION_AuthService":{"field":"DAYS_TO_ALLOW_SESSION","class":"AuthService"}},"Subgraph":{"method_call_details_1":{"method_1":"countSessions()","called_by_1":{"AcmeAirConfiguration_countCustomerSessions()":{"method":"countCustomerSessions()","class":"AcmeAirConfiguration","cluster":"Session_service"}}},"method_call_details_2":{"method_2":"validateSession(String)","called_by_2":{"RESTCookieSessionFilter_doFilter(ServletRequest, ServletResponse, FilterChain)":{"method":"doFilter(ServletRequest, ServletResponse, FilterChain)","class":"RESTCookieSessionFilter","cluster":"Unassigned_group_service"}}},"method_call_details_3":{"method_3":"invalidateSession(String)","called_by_3":{"LoginREST_logout(String, String)":{"method":"logout(String, String)","class":"LoginREST","cluster":"Session_service"}}},"method_call_details_4":{"method_4":"removeSession(String)"},"method_call_details_5":{"method_5":"getSession(String)"},"method_call_details_6":{"method_6":"createSession(String, String, Date, Date)"},"method_call_details_7":{"method_7":"dropSessions()","called_by_7":{"SessionLoader_dropSessions()":{"method":"dropSessions()","class":"SessionLoader","cluster":"ServiceType_service"}}},"method_call_details_8":{"method_8":"createSession(String)","calls_8":{"KeyGenerator_generate()":{"method":"generate()","class":"KeyGenerator","cluster":"FlightBy_service"}},"called_by_8":{"LoginREST_login(String, String)":{"method":"login(String, String)","class":"LoginREST","cluster":"Session_service"}}}},"caller_classes":["AcmeAirConfiguration","RESTCookieSessionFilter","LoginREST","SessionLoader"],"called_classes":["KeyGenerator"],"read_variables":{"DAY_OF_YEAR_Calendar":{"field":"DAY_OF_YEAR","class":"Calendar"},"DAYS_TO_ALLOW_SESSION_AuthService":{"field":"DAYS_TO_ALLOW_SESSION","class":"AuthService"}}}}},"CustomerREST22":{"cluster":"Customer_service","classname":"CustomerREST","subgraphs":{"Subgraph1":{"relocate_to":{},"methods":["getCustomer(String, String)","putCustomer(String, CustomerInfo)","validate(String)"],"written_variables":{"FINE_Level":{"field":"FINE","class":"Level"},"Status.FORBIDDEN_Response":{"field":"Status.FORBIDDEN","class":"Response"},"FORBIDDEN_Status":{"field":"FORBIDDEN","class":"Status"},"Status_Response":{"field":"Status","class":"Response"},"LOGIN_USER_RESTCookieSessionFilter":{"field":"LOGIN_USER","class":"RESTCookieSessionFilter"}},"Subgraph":{"method_call_details_1":{"method_1":"getCustomer(String, String)","calls_1":{"CustomerService_getCustomerByUsername(String)":{"method":"getCustomerByUsername(String)","class":"CustomerService","cluster":"Customer_service"}}},"method_call_details_2":{"method_2":"putCustomer(String, CustomerInfo)","calls_2":{"CustomerInfo_getPassword()":{"method":"getPassword()","class":"CustomerInfo","cluster":"Customer_service"},"CustomerInfo_get_id()":{"method":"get_id()","class":"CustomerInfo","cluster":"Customer_service"},"CustomerService_updateCustomer(String, CustomerInfo)":{"method":"updateCustomer(String, CustomerInfo)","class":"CustomerService","cluster":"Customer_service"},"CustomerService_getCustomerByUsernameAndPassword(String, String)":{"method":"getCustomerByUsernameAndPassword(String, String)","class":"CustomerService","cluster":"Customer_service"}}},"method_call_details_3":{"method_3":"validate(String)"}},"caller_classes":[],"called_classes":["CustomerService","CustomerInfo"],"read_variables":{"FINE_Level":{"field":"FINE","class":"Level"},"Status.FORBIDDEN_Response":{"field":"Status.FORBIDDEN","class":"Response"},"FORBIDDEN_Status":{"field":"FORBIDDEN","class":"Status"},"Status_Response":{"field":"Status","class":"Response"},"LOGIN_USER_RESTCookieSessionFilter":{"field":"LOGIN_USER","class":"RESTCookieSessionFilter"}}}}},"ServiceRegister29":{"cluster":"Unassigned_group_service","classname":"ServiceRegister","subgraphs":{"Subgraph1":{"relocate_to":{},"methods":["contextDestroyed(ServletContextEvent)"],"written_variables":{},"Subgraph":{"method_call_details_1":{"method_1":"contextDestroyed(ServletContextEvent)"}},"caller_classes":[],"called_classes":[],"read_variables":{}},"Subgraph2":{"relocate_to":{},"methods":["contextInitialized(ServletContextEvent)"],"written_variables":{},"Subgraph":{"method_call_details_1":{"method_1":"contextInitialized(ServletContextEvent)","calls_1":{"Util_registerService()":{"method":"registerService()","class":"Util","cluster":"Unassigned_group_service"}}}},"caller_classes":[],"called_classes":["Util"],"read_variables":{}}}},"AcmeAirConstants2":{"cluster":"Unassigned_group_service","classname":"AcmeAirConstants","subgraphs":{}},"FlightServiceImpl15":{"cluster":"FlightBy_service","classname":"FlightServiceImpl","subgraphs":{"Subgraph1":{"relocate_to":{},"methods":["countAirports()"],"written_variables":{},"Subgraph":{"method_call_details_1":{"method_1":"countAirports()"}},"caller_classes":[],"called_classes":[],"read_variables":{}},"Subgraph11":{"relocate_to":{},"methods":["createNewFlight(String, Date, Date, int, int, int, int, String)"],"written_variables":{},"Subgraph":{"method_call_details_1":{"method_1":"createNewFlight(String, Date, Date, int, int, int, int, String)","calls_1":{"KeyGenerator_generate()":{"method":"generate()","class":"KeyGenerator","cluster":"FlightBy_service"}}}},"caller_classes":[],"called_classes":["KeyGenerator"],"read_variables":{}},"Subgraph10":{"relocate_to":{},"methods":["createAirportCodeMapping(String, String)"],"written_variables":{},"Subgraph":{"method_call_details_1":{"method_1":"createAirportCodeMapping(String, String)"}},"caller_classes":[],"called_classes":[],"read_variables":{}},"Subgraph5":{"relocate_to":{},"methods":["getFlight(String, String)"],"written_variables":{},"Subgraph":{"method_call_details_1":{"method_1":"getFlight(String, String)"}},"caller_classes":[],"called_classes":[],"read_variables":{}},"Subgraph4":{"relocate_to":{},"methods":["countFlightSegments()"],"written_variables":{},"Subgraph":{"method_call_details_1":{"method_1":"countFlightSegments()"}},"caller_classes":[],"called_classes":[],"read_variables":{}},"Subgraph3":{"relocate_to":{},"methods":["dropFlights()"],"written_variables":{},"Subgraph":{"method_call_details_1":{"method_1":"dropFlights()"}},"caller_classes":[],"called_classes":[],"read_variables":{}},"Subgraph2":{"relocate_to":{},"methods":["getFlightBySegment(String, Date)","getFlightSegment(String, String)"],"written_variables":{"FINE_Level":{"field":"FINE","class":"Level"}},"Subgraph":{"method_call_details_1":{"method_1":"getFlightBySegment(String, Date)"},"method_call_details_2":{"method_2":"getFlightSegment(String, String)"}},"caller_classes":[],"called_classes":[],"read_variables":{"FINE_Level":{"field":"FINE","class":"Level"}}},"Subgraph9":{"relocate_to":{},"methods":["storeFlightSegment(String, String, String, int)","storeFlightSegment(String)"],"written_variables":{},"Subgraph":{"method_call_details_1":{"method_1":"storeFlightSegment(String, String, String, int)"},"method_call_details_2":{"method_2":"storeFlightSegment(String)"}},"caller_classes":[],"called_classes":[],"read_variables":{}},"Subgraph8":{"relocate_to":{},"methods":["countFlights()"],"written_variables":{},"Subgraph":{"method_call_details_1":{"method_1":"countFlights()"}},"caller_classes":[],"called_classes":[],"read_variables":{}},"Subgraph7":{"relocate_to":{},"methods":["initialization()"],"written_variables":{"airportCodeMapping_FlightServiceImpl":{"field":"airportCodeMapping","class":"FlightServiceImpl"},"flight_FlightServiceImpl":{"field":"flight","class":"FlightServiceImpl"},"flightSegment_FlightServiceImpl":{"field":"flightSegment","class":"FlightServiceImpl"}},"Subgraph":{"method_call_details_1":{"method_1":"initialization()","calls_1":{"ConnectionManager_getDB()":{"method":"getDB()","class":"ConnectionManager","cluster":"FlightBy_service"},"ConnectionManager_getConnectionManager()":{"method":"getConnectionManager()","class":"ConnectionManager","cluster":"FlightBy_service"}}}},"caller_classes":[],"called_classes":["ConnectionManager"],"read_variables":{"airportCodeMapping_FlightServiceImpl":{"field":"airportCodeMapping","class":"FlightServiceImpl"},"flight_FlightServiceImpl":{"field":"flight","class":"FlightServiceImpl"},"flightSegment_FlightServiceImpl":{"field":"flightSegment","class":"FlightServiceImpl"}}},"Subgraph6":{"relocate_to":{},"methods":["storeAirportMapping(AirportCodeMapping)"],"written_variables":{},"Subgraph":{"method_call_details_1":{"method_1":"storeAirportMapping(AirportCodeMapping)","calls_1":{"AirportCodeMapping_getAirportCode()":{"method":"getAirportCode()","class":"AirportCodeMapping","cluster":"FlightBy_service"},"AirportCodeMapping_getAirportName()":{"method":"getAirportName()","class":"AirportCodeMapping","cluster":"FlightBy_service"}}}},"caller_classes":[],"called_classes":["AirportCodeMapping"],"read_variables":{}}}},"EndpointTests12":{"cluster":"","classname":"EndpointTests","subgraphs":{"Subgraph1":{"relocate_to":{},"methods":["tearDownMongo()"],"written_variables":{"mongod_EndpointTests":{"field":"mongod","class":"EndpointTests"}},"Subgraph":{"method_call_details_1":{"method_1":"tearDownMongo()"}},"caller_classes":[],"called_classes":[],"read_variables":{"mongod_EndpointTests":{"field":"mongod","class":"EndpointTests"}}},"Subgraph4":{"relocate_to":{},"methods":["teardown()"],"written_variables":{},"Subgraph":{"method_call_details_1":{"method_1":"teardown()"}},"caller_classes":[],"called_classes":[],"read_variables":{}},"Subgraph3":{"relocate_to":{},"methods":["setup()"],"written_variables":{"class_JsrJsonpProvider":{"field":"class","class":"JsrJsonpProvider"},"client_EndpointTests":{"field":"client","class":"EndpointTests"}},"Subgraph":{"method_call_details_1":{"method_1":"setup()"}},"caller_classes":[],"called_classes":[],"read_variables":{"class_JsrJsonpProvider":{"field":"class","class":"JsrJsonpProvider"},"client_EndpointTests":{"field":"client","class":"EndpointTests"}}},"Subgraph2":{"relocate_to":{},"methods":["test01_Load()","oneTimeSetup()","test08_getBookingsBad()","test08_getBookings()","test11_LogoutBad()","test09_cancelBookingBad()","test05_getCustomer()","test03_LoginBad()","test06_updateCustomer()","test05_getCustomerBad()","doTest(String, Status, String)","test02_GetFlight()","test06_bookFlight()","test12_countSessions()","test09_cancelBooking()","test04_countSessions()","test03_Login()","test07_countBookings()","test06_updateCustomerBad1()","test10_countBookings()","test11_Logout()","test06_bookFlightBad()","test06_updateCustomerBad2()"],"written_variables":{"CANCELFLIGHT_ENDPOINT_EndpointTests":{"field":"CANCELFLIGHT_ENDPOINT","class":"EndpointTests"},"BASE_URL_EndpointTests":{"field":"BASE_URL","class":"EndpointTests"},"LOGOUT_RESPONSE_EndpointTests":{"field":"LOGOUT_RESPONSE","class":"EndpointTests"},"OK_Status":{"field":"OK","class":"Status"},"APPLICATION_FORM_URLENCODED_TYPE_MediaType":{"field":"APPLICATION_FORM_URLENCODED_TYPE","class":"MediaType"},"LOGOUT_ENDPOINT_EndpointTests":{"field":"LOGOUT_ENDPOINT","class":"EndpointTests"},"CANCELFLIGHT_RESPONSE_EndpointTests":{"field":"CANCELFLIGHT_RESPONSE","class":"EndpointTests"},"FORBIDDEN_Status":{"field":"FORBIDDEN","class":"Status"},"class_Response":{"field":"class","class":"Response"},"COUNT_SESSIONS_RESPONSE_0_EndpointTests":{"field":"COUNT_SESSIONS_RESPONSE_0","class":"EndpointTests"},"LOGIN_ENDPOINT_EndpointTests":{"field":"LOGIN_ENDPOINT","class":"EndpointTests"},"LOAD_RESPONSE_EndpointTests":{"field":"LOAD_RESPONSE","class":"EndpointTests"},"GET_BOOKINGS_ENDPOINT_EndpointTests":{"field":"GET_BOOKINGS_ENDPOINT","class":"EndpointTests"},"COUNT_BOOKINGS_RESPONSE_0_EndpointTests":{"field":"COUNT_BOOKINGS_RESPONSE_0","class":"EndpointTests"},"APPLICATION_JSON_MediaType":{"field":"APPLICATION_JSON","class":"MediaType"},"flapdoodle_none":{"field":"flapdoodle","class":"none"},"LOGIN_RESPONSE_EndpointTests":{"field":"LOGIN_RESPONSE","class":"EndpointTests"},"CUSTOMER_UPDATE_EndpointTests":{"field":"CUSTOMER_UPDATE","class":"EndpointTests"},"number_EndpointTests":{"field":"number","class":"EndpointTests"},"QUERY_RESPONSE_EndpointTests":{"field":"QUERY_RESPONSE","class":"EndpointTests"},"SESSIONID_COOKIE_NAME_EndpointTests":{"field":"SESSIONID_COOKIE_NAME","class":"EndpointTests"},"CUSTOMER_RESPONSE_EndpointTests":{"field":"CUSTOMER_RESPONSE","class":"EndpointTests"},"flapdoodle.embed.mongo.distribution_none":{"field":"flapdoodle.embed.mongo.distribution","class":"none"},"flapdoodle.embed_none":{"field":"flapdoodle.embed","class":"none"},"mongodExe_EndpointTests":{"field":"mongodExe","class":"EndpointTests"},"Main.PRODUCTION_Version":{"field":"Main.PRODUCTION","class":"Version"},"CUSTOMER_UPDATE_BAD_EndpointTests":{"field":"CUSTOMER_UPDATE_BAD","class":"EndpointTests"},"COUNT_SESSIONS_RESPONSE_1_EndpointTests":{"field":"COUNT_SESSIONS_RESPONSE_1","class":"EndpointTests"},"USERNAME_EndpointTests":{"field":"USERNAME","class":"EndpointTests"},"sessionCookie_EndpointTests":{"field":"sessionCookie","class":"EndpointTests"},"Main_Version":{"field":"Main","class":"Version"},"COUNT_SESSIONS_ENDPOINT_EndpointTests":{"field":"COUNT_SESSIONS_ENDPOINT","class":"EndpointTests"},"PASSWORD_EndpointTests":{"field":"PASSWORD","class":"EndpointTests"},"COUNT_BOOKINGS_RESPONSE_1_EndpointTests":{"field":"COUNT_BOOKINGS_RESPONSE_1","class":"EndpointTests"},"BOOKFLIGHT_ENDPOINT_EndpointTests":{"field":"BOOKFLIGHT_ENDPOINT","class":"EndpointTests"},"BOOKFLIGHT_RESPONSE_EndpointTests":{"field":"BOOKFLIGHT_RESPONSE","class":"EndpointTests"},"class_String":{"field":"class","class":"String"},"flapdoodle.embed.mongo_none":{"field":"flapdoodle.embed.mongo","class":"none"},"CUSTOMER_ENDPOINT_EndpointTests":{"field":"CUSTOMER_ENDPOINT","class":"EndpointTests"},"QUERY_ENDPOINT_EndpointTests":{"field":"QUERY_ENDPOINT","class":"EndpointTests"},"LOAD_ENDPOINT_EndpointTests":{"field":"LOAD_ENDPOINT","class":"EndpointTests"},"CUSTOMER_RESPONSE_2_EndpointTests":{"field":"CUSTOMER_RESPONSE_2","class":"EndpointTests"},"PASSWORD_BAD_EndpointTests":{"field":"PASSWORD_BAD","class":"EndpointTests"},"date_EndpointTests":{"field":"date","class":"EndpointTests"},"BASE_URL_WITH_CONTEXT_ROOT_EndpointTests":{"field":"BASE_URL_WITH_CONTEXT_ROOT","class":"EndpointTests"},"COUNT_BOOKINGS_ENDPOINT_EndpointTests":{"field":"COUNT_BOOKINGS_ENDPOINT","class":"EndpointTests"},"flapdoodle.embed.mongo.distribution.Versions_none":{"field":"flapdoodle.embed.mongo.distribution.Versions","class":"none"},"mongod_EndpointTests":{"field":"mongod","class":"EndpointTests"}},"Subgraph":{"method_call_details_1":{"method_1":"test01_Load()"},"method_call_details_2":{"method_2":"oneTimeSetup()"},"method_call_details_3":{"method_3":"test08_getBookingsBad()"},"method_call_details_4":{"method_4":"test08_getBookings()"},"method_call_details_5":{"method_5":"test11_LogoutBad()"},"method_call_details_6":{"method_6":"test09_cancelBookingBad()"},"method_call_details_7":{"method_7":"test05_getCustomer()"},"method_call_details_8":{"method_8":"test03_LoginBad()"},"method_call_details_9":{"method_9":"test06_updateCustomer()"},"method_call_details_10":{"method_10":"test05_getCustomerBad()"},"method_call_details_11":{"method_11":"doTest(String, Status, String)"},"method_call_details_12":{"method_12":"test02_GetFlight()"},"method_call_details_13":{"method_13":"test06_bookFlight()"},"method_call_details_14":{"method_14":"test12_countSessions()"},"method_call_details_15":{"method_15":"test09_cancelBooking()"},"method_call_details_16":{"method_16":"test04_countSessions()"},"method_call_details_17":{"method_17":"test03_Login()"},"method_call_details_18":{"method_18":"test07_countBookings()"},"method_call_details_19":{"method_19":"test06_updateCustomerBad1()"},"method_call_details_20":{"method_20":"test10_countBookings()"},"method_call_details_21":{"method_21":"test11_Logout()"},"method_call_details_22":{"method_22":"test06_bookFlightBad()"},"method_call_details_23":{"method_23":"test06_updateCustomerBad2()"}},"caller_classes":[],"called_classes":[],"read_variables":{"CANCELFLIGHT_ENDPOINT_EndpointTests":{"field":"CANCELFLIGHT_ENDPOINT","class":"EndpointTests"},"BASE_URL_EndpointTests":{"field":"BASE_URL","class":"EndpointTests"},"LOGOUT_RESPONSE_EndpointTests":{"field":"LOGOUT_RESPONSE","class":"EndpointTests"},"OK_Status":{"field":"OK","class":"Status"},"APPLICATION_FORM_URLENCODED_TYPE_MediaType":{"field":"APPLICATION_FORM_URLENCODED_TYPE","class":"MediaType"},"LOGOUT_ENDPOINT_EndpointTests":{"field":"LOGOUT_ENDPOINT","class":"EndpointTests"},"CANCELFLIGHT_RESPONSE_EndpointTests":{"field":"CANCELFLIGHT_RESPONSE","class":"EndpointTests"},"FORBIDDEN_Status":{"field":"FORBIDDEN","class":"Status"},"class_Response":{"field":"class","class":"Response"},"COUNT_SESSIONS_RESPONSE_0_EndpointTests":{"field":"COUNT_SESSIONS_RESPONSE_0","class":"EndpointTests"},"LOGIN_ENDPOINT_EndpointTests":{"field":"LOGIN_ENDPOINT","class":"EndpointTests"},"LOAD_RESPONSE_EndpointTests":{"field":"LOAD_RESPONSE","class":"EndpointTests"},"GET_BOOKINGS_ENDPOINT_EndpointTests":{"field":"GET_BOOKINGS_ENDPOINT","class":"EndpointTests"},"COUNT_BOOKINGS_RESPONSE_0_EndpointTests":{"field":"COUNT_BOOKINGS_RESPONSE_0","class":"EndpointTests"},"APPLICATION_JSON_MediaType":{"field":"APPLICATION_JSON","class":"MediaType"},"flapdoodle_none":{"field":"flapdoodle","class":"none"},"LOGIN_RESPONSE_EndpointTests":{"field":"LOGIN_RESPONSE","class":"EndpointTests"},"CUSTOMER_UPDATE_EndpointTests":{"field":"CUSTOMER_UPDATE","class":"EndpointTests"},"number_EndpointTests":{"field":"number","class":"EndpointTests"},"QUERY_RESPONSE_EndpointTests":{"field":"QUERY_RESPONSE","class":"EndpointTests"},"SESSIONID_COOKIE_NAME_EndpointTests":{"field":"SESSIONID_COOKIE_NAME","class":"EndpointTests"},"CUSTOMER_RESPONSE_EndpointTests":{"field":"CUSTOMER_RESPONSE","class":"EndpointTests"},"flapdoodle.embed.mongo.distribution_none":{"field":"flapdoodle.embed.mongo.distribution","class":"none"},"flapdoodle.embed_none":{"field":"flapdoodle.embed","class":"none"},"mongodExe_EndpointTests":{"field":"mongodExe","class":"EndpointTests"},"Main.PRODUCTION_Version":{"field":"Main.PRODUCTION","class":"Version"},"CUSTOMER_UPDATE_BAD_EndpointTests":{"field":"CUSTOMER_UPDATE_BAD","class":"EndpointTests"},"COUNT_SESSIONS_RESPONSE_1_EndpointTests":{"field":"COUNT_SESSIONS_RESPONSE_1","class":"EndpointTests"},"USERNAME_EndpointTests":{"field":"USERNAME","class":"EndpointTests"},"sessionCookie_EndpointTests":{"field":"sessionCookie","class":"EndpointTests"},"Main_Version":{"field":"Main","class":"Version"},"COUNT_SESSIONS_ENDPOINT_EndpointTests":{"field":"COUNT_SESSIONS_ENDPOINT","class":"EndpointTests"},"PASSWORD_EndpointTests":{"field":"PASSWORD","class":"EndpointTests"},"COUNT_BOOKINGS_RESPONSE_1_EndpointTests":{"field":"COUNT_BOOKINGS_RESPONSE_1","class":"EndpointTests"},"BOOKFLIGHT_ENDPOINT_EndpointTests":{"field":"BOOKFLIGHT_ENDPOINT","class":"EndpointTests"},"BOOKFLIGHT_RESPONSE_EndpointTests":{"field":"BOOKFLIGHT_RESPONSE","class":"EndpointTests"},"class_String":{"field":"class","class":"String"},"flapdoodle.embed.mongo_none":{"field":"flapdoodle.embed.mongo","class":"none"},"CUSTOMER_ENDPOINT_EndpointTests":{"field":"CUSTOMER_ENDPOINT","class":"EndpointTests"},"QUERY_ENDPOINT_EndpointTests":{"field":"QUERY_ENDPOINT","class":"EndpointTests"},"LOAD_ENDPOINT_EndpointTests":{"field":"LOAD_ENDPOINT","class":"EndpointTests"},"CUSTOMER_RESPONSE_2_EndpointTests":{"field":"CUSTOMER_RESPONSE_2","class":"EndpointTests"},"PASSWORD_BAD_EndpointTests":{"field":"PASSWORD_BAD","class":"EndpointTests"},"date_EndpointTests":{"field":"date","class":"EndpointTests"},"BASE_URL_WITH_CONTEXT_ROOT_EndpointTests":{"field":"BASE_URL_WITH_CONTEXT_ROOT","class":"EndpointTests"},"COUNT_BOOKINGS_ENDPOINT_EndpointTests":{"field":"COUNT_BOOKINGS_ENDPOINT","class":"EndpointTests"},"flapdoodle.embed.mongo.distribution.Versions_none":{"field":"flapdoodle.embed.mongo.distribution.Versions","class":"none"},"mongod_EndpointTests":{"field":"mongod","class":"EndpointTests"}}}}},"FlightLoader25":{"cluster":"ServiceType_service","classname":"FlightLoader","subgraphs":{"Subgraph1":{"relocate_to":{},"methods":["loadFlights()","alreadyInCollection(String, ArrayList)","alreadyInCollection(String, AirportCodeMapping>)","getArrivalTime(Date, int)","dropFlights()"],"written_variables":{"daysFromNow++_FlightLoader":{"field":"daysFromNow++","class":"FlightLoader"},"MILLISECOND_Calendar":{"field":"MILLISECOND","class":"Calendar"},"flightNumber++_FlightLoader":{"field":"flightNumber++","class":"FlightLoader"},"indexIntoTopLine++_FlightLoader":{"field":"indexIntoTopLine++","class":"FlightLoader"},"MAX_FLIGHTS_PER_SEGMENT_FlightLoader":{"field":"MAX_FLIGHTS_PER_SEGMENT","class":"FlightLoader"},"MINUTE_Calendar":{"field":"MINUTE","class":"Calendar"},"HOUR_OF_DAY_Calendar":{"field":"HOUR_OF_DAY","class":"Calendar"},"ii++_FlightLoader":{"field":"ii++","class":"FlightLoader"},"DATE_Calendar":{"field":"DATE","class":"Calendar"},"jj++_FlightLoader":{"field":"jj++","class":"FlightLoader"},"SECOND_Calendar":{"field":"SECOND","class":"Calendar"},"HOUR_Calendar":{"field":"HOUR","class":"Calendar"}},"Subgraph":{"method_call_details_1":{"method_1":"loadFlights()","calls_1":{"AirportCodeMapping_getAirportCode()":{"method":"getAirportCode()","class":"AirportCodeMapping","cluster":"FlightBy_service"},"FlightService_createAirportCodeMapping(String, String)":{"method":"createAirportCodeMapping(String, String)","class":"FlightService","cluster":"FlightBy_service"},"AirportCodeMapping_setAirportCode(String)":{"method":"setAirportCode(String)","class":"AirportCodeMapping","cluster":"FlightBy_service"},"FlightService_storeFlightSegment(String, String, String, int)":{"method":"storeFlightSegment(String, String, String, int)","class":"FlightService","cluster":"FlightBy_service"},"FlightService_createNewFlight(String, Date, Date, int, int, int, int, String)":{"method":"createNewFlight(String, Date, Date, int, int, int, int, String)","class":"FlightService","cluster":"FlightBy_service"},"FlightService_storeAirportMapping(AirportCodeMapping)":{"method":"storeAirportMapping(AirportCodeMapping)","class":"FlightService","cluster":"FlightBy_service"}},"called_by_1":{"Loader_execute(long)":{"method":"execute(long)","class":"Loader","cluster":"ServiceType_service"},"Loader_executeFlightDB()":{"method":"executeFlightDB()","class":"Loader","cluster":"ServiceType_service"}}},"method_call_details_2":{"method_2":"alreadyInCollection(String, ArrayList)","calls_2":{"AirportCodeMapping_getAirportCode()":{"method":"getAirportCode()","class":"AirportCodeMapping","cluster":"FlightBy_service"}}},"method_call_details_3":{"method_3":"alreadyInCollection(String, AirportCodeMapping>)"},"method_call_details_4":{"method_4":"getArrivalTime(Date, int)"},"method_call_details_5":{"method_5":"dropFlights()","calls_5":{"FlightService_dropFlights()":{"method":"dropFlights()","class":"FlightService","cluster":"FlightBy_service"}},"called_by_5":{"Loader_execute(long)":{"method":"execute(long)","class":"Loader","cluster":"ServiceType_service"},"Loader_executeFlightDB()":{"method":"executeFlightDB()","class":"Loader","cluster":"ServiceType_service"}}}},"caller_classes":["Loader"],"called_classes":["AirportCodeMapping","FlightService"],"read_variables":{"daysFromNow++_FlightLoader":{"field":"daysFromNow++","class":"FlightLoader"},"MILLISECOND_Calendar":{"field":"MILLISECOND","class":"Calendar"},"flightNumber++_FlightLoader":{"field":"flightNumber++","class":"FlightLoader"},"indexIntoTopLine++_FlightLoader":{"field":"indexIntoTopLine++","class":"FlightLoader"},"MAX_FLIGHTS_PER_SEGMENT_FlightLoader":{"field":"MAX_FLIGHTS_PER_SEGMENT","class":"FlightLoader"},"MINUTE_Calendar":{"field":"MINUTE","class":"Calendar"},"HOUR_OF_DAY_Calendar":{"field":"HOUR_OF_DAY","class":"Calendar"},"ii++_FlightLoader":{"field":"ii++","class":"FlightLoader"},"DATE_Calendar":{"field":"DATE","class":"Calendar"},"jj++_FlightLoader":{"field":"jj++","class":"FlightLoader"},"SECOND_Calendar":{"field":"SECOND","class":"Calendar"},"HOUR_Calendar":{"field":"HOUR","class":"Calendar"}}}}},"BookingServiceImpl19":{"cluster":"FlightBy_service","classname":"BookingServiceImpl","subgraphs":{"Subgraph1":{"relocate_to":{},"methods":["dropBookings()"],"written_variables":{},"Subgraph":{"method_call_details_1":{"method_1":"dropBookings()"}},"caller_classes":[],"called_classes":[],"read_variables":{}},"Subgraph5":{"relocate_to":{},"methods":["getBooking(String, String)"],"written_variables":{},"Subgraph":{"method_call_details_1":{"method_1":"getBooking(String, String)"}},"caller_classes":[],"called_classes":[],"read_variables":{}},"Subgraph4":{"relocate_to":{},"methods":["cancelBooking(String, String)","getBookingsByUser(String)"],"written_variables":{"FINE_Level":{"field":"FINE","class":"Level"}},"Subgraph":{"method_call_details_1":{"method_1":"cancelBooking(String, String)"},"method_call_details_2":{"method_2":"getBookingsByUser(String)"}},"caller_classes":[],"called_classes":[],"read_variables":{"FINE_Level":{"field":"FINE","class":"Level"}}},"Subgraph3":{"relocate_to":{},"methods":["count()"],"written_variables":{},"Subgraph":{"method_call_details_1":{"method_1":"count()"}},"caller_classes":[],"called_classes":[],"read_variables":{}},"Subgraph2":{"relocate_to":{},"methods":["initialization()"],"written_variables":{"booking_BookingServiceImpl":{"field":"booking","class":"BookingServiceImpl"}},"Subgraph":{"method_call_details_1":{"method_1":"initialization()","calls_1":{"ConnectionManager_getDB()":{"method":"getDB()","class":"ConnectionManager","cluster":"FlightBy_service"},"ConnectionManager_getConnectionManager()":{"method":"getConnectionManager()","class":"ConnectionManager","cluster":"FlightBy_service"}}}},"caller_classes":[],"called_classes":["ConnectionManager"],"read_variables":{"booking_BookingServiceImpl":{"field":"booking","class":"BookingServiceImpl"}}},"Subgraph7":{"relocate_to":{},"methods":["bookFlight(String, String, String)","bookFlight(String, String)"],"written_variables":{},"Subgraph":{"method_call_details_1":{"method_1":"bookFlight(String, String, String)"},"method_call_details_2":{"method_2":"bookFlight(String, String)","calls_2":{"KeyGenerator_generate()":{"method":"generate()","class":"KeyGenerator","cluster":"FlightBy_service"}}}},"caller_classes":[],"called_classes":["KeyGenerator"],"read_variables":{}},"Subgraph6":{"relocate_to":{},"methods":["getServiceType()"],"written_variables":{},"Subgraph":{"method_call_details_1":{"method_1":"getServiceType()"}},"caller_classes":[],"called_classes":[],"read_variables":{}}}},"SessionLoader26":{"cluster":"ServiceType_service","classname":"SessionLoader","subgraphs":{"Subgraph1":{"relocate_to":{},"methods":["dropSessions()"],"written_variables":{},"Subgraph":{"method_call_details_1":{"method_1":"dropSessions()","calls_1":{"AuthService_dropSessions()":{"method":"dropSessions()","class":"AuthService","cluster":"Session_service"}},"called_by_1":{"Loader_executeSessionDB()":{"method":"executeSessionDB()","class":"Loader","cluster":"ServiceType_service"},"Loader_execute(long)":{"method":"execute(long)","class":"Loader","cluster":"ServiceType_service"}}}},"caller_classes":["Loader"],"called_classes":["AuthService"],"read_variables":{}}}},"FlightsREST13":{"cluster":"Session_service","classname":"FlightsREST","subgraphs":{"Subgraph1":{"relocate_to":{},"methods":["getTripFlights(String, String, DateParam, DateParam, boolean)"],"written_variables":{},"Subgraph":{"method_call_details_1":{"method_1":"getTripFlights(String, String, DateParam, DateParam, boolean)","calls_1":{"DateParam_getDate()":{"method":"getDate()","class":"DateParam"},"FlightService_getFlightByAirportsAndDepartureDate(String, String, Date)":{"method":"getFlightByAirportsAndDepartureDate(String, String, Date)","class":"FlightService","cluster":"FlightBy_service"}}}},"caller_classes":[],"called_classes":["DateParam","FlightService"],"read_variables":{}}}},"FlightService27":{"cluster":"FlightBy_service","classname":"FlightService","subgraphs":{"Subgraph1":{"relocate_to":{},"methods":["getFlightByAirportsAndDepartureDate(String, String, Date)","storeFlightSegment(String, String, String, int)","countAirports()","getFlightByFlightId(String, String)","getFlight(String, String)","getFlightByAirports(String, String)","createAirportCodeMapping(String, String)","storeFlightSegment(String)","storeAirportMapping(AirportCodeMapping)","getFlightBySegment(String, Date)","countFlightSegments()","getFlightSegment(String, String)","createNewFlight(String, Date, Date, int, int, int, int, String)","countFlights()","dropFlights()"],"written_variables":{"FINE_Level":{"field":"FINE","class":"Level"},"FINEST_Level":{"field":"FINEST","class":"Level"},"useFlightDataRelatedCaching_FlightService":{"field":"useFlightDataRelatedCaching","class":"FlightService"}},"Subgraph":{"method_call_details_1":{"method_1":"getFlightByAirportsAndDepartureDate(String, String, Date)","called_by_1":{"FlightsREST_getTripFlights(String, String, DateParam, DateParam, boolean)":{"method":"getTripFlights(String, String, DateParam, DateParam, boolean)","class":"FlightsREST","cluster":"Session_service"}}},"method_call_details_2":{"method_2":"storeFlightSegment(String, String, String, int)","called_by_2":{"FlightLoader_loadFlights()":{"method":"loadFlights()","class":"FlightLoader","cluster":"ServiceType_service"}}},"method_call_details_3":{"method_3":"countAirports()","called_by_3":{"AcmeAirConfiguration_countAirports()":{"method":"countAirports()","class":"AcmeAirConfiguration","cluster":"Session_service"}}},"method_call_details_4":{"method_4":"getFlightByFlightId(String, String)"},"method_call_details_5":{"method_5":"getFlight(String, String)"},"method_call_details_6":{"method_6":"getFlightByAirports(String, String)"},"method_call_details_7":{"method_7":"createAirportCodeMapping(String, String)","called_by_7":{"FlightLoader_loadFlights()":{"method":"loadFlights()","class":"FlightLoader","cluster":"ServiceType_service"}}},"method_call_details_8":{"method_8":"storeFlightSegment(String)"},"method_call_details_9":{"method_9":"storeAirportMapping(AirportCodeMapping)","called_by_9":{"FlightLoader_loadFlights()":{"method":"loadFlights()","class":"FlightLoader","cluster":"ServiceType_service"}}},"method_call_details_10":{"method_10":"getFlightBySegment(String, Date)"},"method_call_details_11":{"method_11":"countFlightSegments()","called_by_11":{"AcmeAirConfiguration_countFlightSegments()":{"method":"countFlightSegments()","class":"AcmeAirConfiguration","cluster":"Session_service"}}},"method_call_details_12":{"method_12":"getFlightSegment(String, String)"},"method_call_details_13":{"method_13":"createNewFlight(String, Date, Date, int, int, int, int, String)","called_by_13":{"FlightLoader_loadFlights()":{"method":"loadFlights()","class":"FlightLoader","cluster":"ServiceType_service"}}},"method_call_details_14":{"method_14":"countFlights()","called_by_14":{"AcmeAirConfiguration_countFlights()":{"method":"countFlights()","class":"AcmeAirConfiguration","cluster":"Session_service"}}},"method_call_details_15":{"method_15":"dropFlights()","called_by_15":{"FlightLoader_dropFlights()":{"method":"dropFlights()","class":"FlightLoader","cluster":"ServiceType_service"}}}},"caller_classes":["FlightsREST","FlightLoader","AcmeAirConfiguration"],"called_classes":[],"read_variables":{"FINE_Level":{"field":"FINE","class":"Level"},"FINEST_Level":{"field":"FINEST","class":"Level"},"useFlightDataRelatedCaching_FlightService":{"field":"useFlightDataRelatedCaching","class":"FlightService"}}}}},"CustomerLoader20":{"cluster":"ServiceType_service","classname":"CustomerLoader","subgraphs":{"Subgraph1":{"relocate_to":{},"methods":["loadCustomers(long)","dropCustomers()"],"written_variables":{"customerService_CustomerLoader":{"field":"customerService","class":"CustomerLoader"},"out_System":{"field":"out","class":"System"},"ii++_CustomerLoader":{"field":"ii++","class":"CustomerLoader"}},"Subgraph":{"method_call_details_1":{"method_1":"loadCustomers(long)","calls_1":{"CustomerService_createCustomer(String, String, String, int, int, String, String, String)":{"method":"createCustomer(String, String, String, int, int, String, String, String)","class":"CustomerService","cluster":"Customer_service"}},"called_by_1":{"Loader_execute(long)":{"method":"execute(long)","class":"Loader","cluster":"ServiceType_service"},"Loader_executeCustomerDB(long)":{"method":"executeCustomerDB(long)","class":"Loader","cluster":"ServiceType_service"}}},"method_call_details_2":{"method_2":"dropCustomers()","calls_2":{"CustomerService_dropCustomers()":{"method":"dropCustomers()","class":"CustomerService","cluster":"Customer_service"}},"called_by_2":{"Loader_execute(long)":{"method":"execute(long)","class":"Loader","cluster":"ServiceType_service"},"Loader_executeCustomerDB(long)":{"method":"executeCustomerDB(long)","class":"Loader","cluster":"ServiceType_service"}}}},"caller_classes":["Loader"],"called_classes":["CustomerService"],"read_variables":{"customerService_CustomerLoader":{"field":"customerService","class":"CustomerLoader"},"out_System":{"field":"out","class":"System"},"ii++_CustomerLoader":{"field":"ii++","class":"CustomerLoader"}}}}},"AirportCodeMapping5":{"cluster":"FlightBy_service","classname":"AirportCodeMapping","subgraphs":{"Subgraph1":{"relocate_to":{},"methods":["setAirportName(String)","getAirportName()","getAirportCode()","setAirportCode(String)","toJson()"],"written_variables":{"airportName_AirportCodeMapping":{"field":"airportName","class":"AirportCodeMapping"},"_id_AirportCodeMapping":{"field":"_id","class":"AirportCodeMapping"}},"Subgraph":{"method_call_details_1":{"method_1":"setAirportName(String)"},"method_call_details_2":{"method_2":"getAirportName()","called_by_2":{"FlightServiceImpl_storeAirportMapping(AirportCodeMapping)":{"method":"storeAirportMapping(AirportCodeMapping)","class":"FlightServiceImpl","cluster":"FlightBy_service"}}},"method_call_details_3":{"method_3":"getAirportCode()","called_by_3":{"FlightLoader_loadFlights()":{"method":"loadFlights()","class":"FlightLoader","cluster":"ServiceType_service"},"FlightServiceImpl_storeAirportMapping(AirportCodeMapping)":{"method":"storeAirportMapping(AirportCodeMapping)","class":"FlightServiceImpl","cluster":"FlightBy_service"},"FlightLoader_alreadyInCollection(String, ArrayList)":{"method":"alreadyInCollection(String, ArrayList)","class":"FlightLoader","cluster":"ServiceType_service"}}},"method_call_details_4":{"method_4":"setAirportCode(String)","called_by_4":{"FlightLoader_loadFlights()":{"method":"loadFlights()","class":"FlightLoader","cluster":"ServiceType_service"}}},"method_call_details_5":{"method_5":"toJson()"}},"caller_classes":["FlightServiceImpl","FlightLoader"],"called_classes":[],"read_variables":{"airportName_AirportCodeMapping":{"field":"airportName","class":"AirportCodeMapping"},"_id_AirportCodeMapping":{"field":"_id","class":"AirportCodeMapping"}}}}},"DateParam8":{"cluster":"","classname":"DateParam","subgraphs":{"Subgraph1":{"relocate_to":{"cluster":"Session_service","class":"FlightsREST"},"methods":["getDate()"],"written_variables":{"date_DateParam":{"field":"date","class":"DateParam"}},"Subgraph":{"method_call_details_1":{"method_1":"getDate()","called_by_1":{"FlightsREST_getTripFlights(String, String, DateParam, DateParam, boolean)":{"method":"getTripFlights(String, String, DateParam, DateParam, boolean)","class":"FlightsREST","cluster":"Session_service"}}}},"caller_classes":["FlightsREST"],"called_classes":[],"read_variables":{"date_DateParam":{"field":"date","class":"DateParam"}}}}},"AcmeAirApp18":{"cluster":"Unassigned_group_service","classname":"AcmeAirApp","subgraphs":{"Subgraph1":{"relocate_to":{},"methods":["getClasses()"],"written_variables":{"class_LoginREST":{"field":"class","class":"LoginREST"},"class_BookingsREST":{"field":"class","class":"BookingsREST"},"class_CustomerREST":{"field":"class","class":"CustomerREST"},"class_FlightsREST":{"field":"class","class":"FlightsREST"}},"Subgraph":{"method_call_details_1":{"method_1":"getClasses()"}},"caller_classes":[],"called_classes":[],"read_variables":{"class_LoginREST":{"field":"class","class":"LoginREST"},"class_BookingsREST":{"field":"class","class":"BookingsREST"},"class_CustomerREST":{"field":"class","class":"CustomerREST"},"class_FlightsREST":{"field":"class","class":"FlightsREST"}}}}},"CustomerInfo11":{"cluster":"Customer_service","classname":"CustomerInfo","subgraphs":{"Subgraph1":{"relocate_to":{},"methods":["set_id(String)"],"written_variables":{"_id_CustomerInfo":{"field":"_id","class":"CustomerInfo"}},"Subgraph":{"method_call_details_1":{"method_1":"set_id(String)"}},"caller_classes":[],"called_classes":[],"read_variables":{"_id_CustomerInfo":{"field":"_id","class":"CustomerInfo"}}},"Subgraph2":{"relocate_to":{},"methods":["getMiles_ytd()","equals(Object)","getPhoneNumberType()","toString()","setStatus(String)","setMiles_ytd(int)","setPhoneNumberType(String)","get_id()","getTotal_miles()","getAddress()","setTotal_miles(int)","getPassword()","setAddress(AddressInfo)","getStatus()","setPhoneNumber(String)","getPhoneNumber()","setPassword(String)"],"written_variables":{"address_CustomerInfo":{"field":"address","class":"CustomerInfo"},"phoneNumberType_CustomerInfo":{"field":"phoneNumberType","class":"CustomerInfo"},"phoneNumber_CustomerInfo":{"field":"phoneNumber","class":"CustomerInfo"},"status_CustomerInfo":{"field":"status","class":"CustomerInfo"},"miles_ytd_CustomerInfo":{"field":"miles_ytd","class":"CustomerInfo"},"total_miles_CustomerInfo":{"field":"total_miles","class":"CustomerInfo"},"_id_CustomerInfo":{"field":"_id","class":"CustomerInfo"},"password_CustomerInfo":{"field":"password","class":"CustomerInfo"}},"Subgraph":{"method_call_details_1":{"method_1":"getMiles_ytd()","called_by_1":{"CustomerServiceImpl_updateCustomer(String, CustomerInfo)":{"method":"updateCustomer(String, CustomerInfo)","class":"CustomerServiceImpl","cluster":"Customer_service"}}},"method_call_details_2":{"method_2":"equals(Object)","calls_2":{"AddressInfo_equals(Object)":{"method":"equals(Object)","class":"AddressInfo","cluster":"Customer_service"}}},"method_call_details_3":{"method_3":"getPhoneNumberType()","called_by_3":{"CustomerServiceImpl_updateCustomer(String, CustomerInfo)":{"method":"updateCustomer(String, CustomerInfo)","class":"CustomerServiceImpl","cluster":"Customer_service"}}},"method_call_details_4":{"method_4":"toString()"},"method_call_details_5":{"method_5":"setStatus(String)"},"method_call_details_6":{"method_6":"setMiles_ytd(int)"},"method_call_details_7":{"method_7":"setPhoneNumberType(String)"},"method_call_details_8":{"method_8":"get_id()","called_by_8":{"CustomerServiceImpl_updateCustomer(String, CustomerInfo)":{"method":"updateCustomer(String, CustomerInfo)","class":"CustomerServiceImpl","cluster":"Customer_service"},"CustomerREST_putCustomer(String, CustomerInfo)":{"method":"putCustomer(String, CustomerInfo)","class":"CustomerREST","cluster":"Customer_service"}}},"method_call_details_9":{"method_9":"getTotal_miles()","called_by_9":{"CustomerServiceImpl_updateCustomer(String, CustomerInfo)":{"method":"updateCustomer(String, CustomerInfo)","class":"CustomerServiceImpl","cluster":"Customer_service"}}},"method_call_details_10":{"method_10":"getAddress()","called_by_10":{"CustomerServiceImpl_updateCustomer(String, CustomerInfo)":{"method":"updateCustomer(String, CustomerInfo)","class":"CustomerServiceImpl","cluster":"Customer_service"}}},"method_call_details_11":{"method_11":"setTotal_miles(int)"},"method_call_details_12":{"method_12":"getPassword()","called_by_12":{"CustomerREST_putCustomer(String, CustomerInfo)":{"method":"putCustomer(String, CustomerInfo)","class":"CustomerREST","cluster":"Customer_service"}}},"method_call_details_13":{"method_13":"setAddress(AddressInfo)"},"method_call_details_14":{"method_14":"getStatus()","called_by_14":{"CustomerServiceImpl_updateCustomer(String, CustomerInfo)":{"method":"updateCustomer(String, CustomerInfo)","class":"CustomerServiceImpl","cluster":"Customer_service"}}},"method_call_details_15":{"method_15":"setPhoneNumber(String)"},"method_call_details_16":{"method_16":"getPhoneNumber()","called_by_16":{"CustomerServiceImpl_updateCustomer(String, CustomerInfo)":{"method":"updateCustomer(String, CustomerInfo)","class":"CustomerServiceImpl","cluster":"Customer_service"}}},"method_call_details_17":{"method_17":"setPassword(String)"}},"caller_classes":["CustomerServiceImpl","CustomerREST"],"called_classes":["AddressInfo"],"read_variables":{"address_CustomerInfo":{"field":"address","class":"CustomerInfo"},"phoneNumberType_CustomerInfo":{"field":"phoneNumberType","class":"CustomerInfo"},"phoneNumber_CustomerInfo":{"field":"phoneNumber","class":"CustomerInfo"},"status_CustomerInfo":{"field":"status","class":"CustomerInfo"},"miles_ytd_CustomerInfo":{"field":"miles_ytd","class":"CustomerInfo"},"total_miles_CustomerInfo":{"field":"total_miles","class":"CustomerInfo"},"_id_CustomerInfo":{"field":"_id","class":"CustomerInfo"},"password_CustomerInfo":{"field":"password","class":"CustomerInfo"}}}}},"AppConfig30":{"cluster":"Unassigned_group_service","classname":"AppConfig","subgraphs":{"Subgraph1":{"relocate_to":{},"methods":["getClasses()"],"written_variables":{"class_AcmeAirConfiguration":{"field":"class","class":"AcmeAirConfiguration"},"class_LoaderREST":{"field":"class","class":"LoaderREST"}},"Subgraph":{"method_call_details_1":{"method_1":"getClasses()"}},"caller_classes":[],"called_classes":[],"read_variables":{"class_AcmeAirConfiguration":{"field":"class","class":"AcmeAirConfiguration"},"class_LoaderREST":{"field":"class","class":"LoaderREST"}}}}},"LoginREST17":{"cluster":"Session_service","classname":"LoginREST","subgraphs":{"Subgraph1":{"relocate_to":{},"methods":["login(String, String)","logout(String, String)"],"written_variables":{"SESSIONID_COOKIE_NAME_LoginREST":{"field":"SESSIONID_COOKIE_NAME","class":"LoginREST"},"Status.INTERNAL_SERVER_ERROR_Response":{"field":"Status.INTERNAL_SERVER_ERROR","class":"Response"},"Status.FORBIDDEN_Response":{"field":"Status.FORBIDDEN","class":"Response"},"out_System":{"field":"out","class":"System"},"INTERNAL_SERVER_ERROR_Status":{"field":"INTERNAL_SERVER_ERROR","class":"Status"},"FORBIDDEN_Status":{"field":"FORBIDDEN","class":"Status"},"Status_Response":{"field":"Status","class":"Response"}},"Subgraph":{"method_call_details_1":{"method_1":"login(String, String)","calls_1":{"AuthService_createSession(String)":{"method":"createSession(String)","class":"AuthService","cluster":"Session_service"},"CustomerService_validateCustomer(String, String)":{"method":"validateCustomer(String, String)","class":"CustomerService","cluster":"Customer_service"}}},"method_call_details_2":{"method_2":"logout(String, String)","calls_2":{"AuthService_invalidateSession(String)":{"method":"invalidateSession(String)","class":"AuthService","cluster":"Session_service"}}}},"caller_classes":[],"called_classes":["AuthService","CustomerService"],"read_variables":{"SESSIONID_COOKIE_NAME_LoginREST":{"field":"SESSIONID_COOKIE_NAME","class":"LoginREST"},"Status.INTERNAL_SERVER_ERROR_Response":{"field":"Status.INTERNAL_SERVER_ERROR","class":"Response"},"Status.FORBIDDEN_Response":{"field":"Status.FORBIDDEN","class":"Response"},"out_System":{"field":"out","class":"System"},"INTERNAL_SERVER_ERROR_Status":{"field":"INTERNAL_SERVER_ERROR","class":"Status"},"FORBIDDEN_Status":{"field":"FORBIDDEN","class":"Status"},"Status_Response":{"field":"Status","class":"Response"}}}}},"LoaderREST9":{"cluster":"ServiceType_service","classname":"LoaderREST","subgraphs":{"Subgraph1":{"relocate_to":{},"methods":["loadDB(long)"],"written_variables":{},"Subgraph":{"method_call_details_1":{"method_1":"loadDB(long)","calls_1":{"Loader_loadDB(long)":{"method":"loadDB(long)","class":"Loader","cluster":"ServiceType_service"}}}},"caller_classes":[],"called_classes":["Loader"],"read_variables":{}},"Subgraph2":{"relocate_to":{},"methods":["queryLoader()"],"written_variables":{},"Subgraph":{"method_call_details_1":{"method_1":"queryLoader()","calls_1":{"Loader_queryLoader()":{"method":"queryLoader()","class":"Loader","cluster":"ServiceType_service"}}}},"caller_classes":[],"called_classes":["Loader"],"read_variables":{}}}},"MongoConstants23":{"cluster":"Refactor_candidates_group_service","classname":"MongoConstants","subgraphs":{}},"Util3":{"cluster":"Unassigned_group_service","classname":"Util","subgraphs":{"Subgraph1":{"relocate_to":{},"methods":["sendHeartbeat(String, String, int)","registerService()","getServiceProxy()"],"written_variables":{"out_System":{"field":"out","class":"System"},"UTF_8_StandardCharsets":{"field":"UTF_8","class":"StandardCharsets"}},"Subgraph":{"method_call_details_1":{"method_1":"sendHeartbeat(String, String, int)"},"method_call_details_2":{"method_2":"registerService()","called_by_2":{"ServiceRegister_contextInitialized(ServletContextEvent)":{"method":"contextInitialized(ServletContextEvent)","class":"ServiceRegister","cluster":"Unassigned_group_service"}}},"method_call_details_3":{"method_3":"getServiceProxy()"}},"caller_classes":["ServiceRegister"],"called_classes":[],"read_variables":{"out_System":{"field":"out","class":"System"},"UTF_8_StandardCharsets":{"field":"UTF_8","class":"StandardCharsets"}}}}},"Loader14":{"cluster":"ServiceType_service","classname":"Loader","subgraphs":{"Subgraph1":{"relocate_to":{},"methods":["loadFlightDB()","executeFlightDB()","clearBookingDB()","queryLoader()","loadCustomerDB(long)","execute()","executeBookingDB()","clearSessionDB()","lookupDefaults()","executeSessionDB()","loadDB(long)","executeCustomerDB(long)","getProperties()","main(String[])","execute(long)"],"written_variables":{},"Subgraph":{"method_call_details_1":{"method_1":"loadFlightDB()"},"method_call_details_2":{"method_2":"executeFlightDB()","calls_2":{"FlightLoader_loadFlights()":{"method":"loadFlights()","class":"FlightLoader","cluster":"ServiceType_service"},"FlightLoader_dropFlights()":{"method":"dropFlights()","class":"FlightLoader","cluster":"ServiceType_service"}}},"method_call_details_3":{"method_3":"clearBookingDB()"},"method_call_details_4":{"method_4":"queryLoader()","called_by_4":{"LoaderREST_queryLoader()":{"method":"queryLoader()","class":"LoaderREST","cluster":"ServiceType_service"}}},"method_call_details_5":{"method_5":"loadCustomerDB(long)"},"method_call_details_6":{"method_6":"execute()"},"method_call_details_7":{"method_7":"executeBookingDB()","calls_7":{"BookingLoader_dropBookings()":{"method":"dropBookings()","class":"BookingLoader","cluster":"ServiceType_service"}}},"method_call_details_8":{"method_8":"clearSessionDB()"},"method_call_details_9":{"method_9":"lookupDefaults()"},"method_call_details_10":{"method_10":"executeSessionDB()","calls_10":{"SessionLoader_dropSessions()":{"method":"dropSessions()","class":"SessionLoader","cluster":"ServiceType_service"}}},"method_call_details_11":{"method_11":"loadDB(long)","called_by_11":{"LoaderREST_loadDB(long)":{"method":"loadDB(long)","class":"LoaderREST","cluster":"ServiceType_service"}}},"method_call_details_12":{"method_12":"executeCustomerDB(long)","calls_12":{"CustomerLoader_dropCustomers()":{"method":"dropCustomers()","class":"CustomerLoader","cluster":"ServiceType_service"},"CustomerLoader_loadCustomers(long)":{"method":"loadCustomers(long)","class":"CustomerLoader","cluster":"ServiceType_service"}}},"method_call_details_13":{"method_13":"getProperties()"},"method_call_details_14":{"method_14":"main(String[])"},"method_call_details_15":{"method_15":"execute(long)","calls_15":{"FlightLoader_loadFlights()":{"method":"loadFlights()","class":"FlightLoader","cluster":"ServiceType_service"},"BookingLoader_dropBookings()":{"method":"dropBookings()","class":"BookingLoader","cluster":"ServiceType_service"},"CustomerLoader_dropCustomers()":{"method":"dropCustomers()","class":"CustomerLoader","cluster":"ServiceType_service"},"FlightLoader_dropFlights()":{"method":"dropFlights()","class":"FlightLoader","cluster":"ServiceType_service"},"CustomerLoader_loadCustomers(long)":{"method":"loadCustomers(long)","class":"CustomerLoader","cluster":"ServiceType_service"},"SessionLoader_dropSessions()":{"method":"dropSessions()","class":"SessionLoader","cluster":"ServiceType_service"}}}},"caller_classes":["LoaderREST"],"called_classes":["FlightLoader","BookingLoader","SessionLoader","CustomerLoader"],"read_variables":{}}}},"ConnectionManager1":{"cluster":"FlightBy_service","classname":"ConnectionManager","subgraphs":{"Subgraph1":{"relocate_to":{},"methods":["getDB()"],"written_variables":{"db_ConnectionManager":{"field":"db","class":"ConnectionManager"}},"Subgraph":{"method_call_details_1":{"method_1":"getDB()","called_by_1":{"BookingServiceImpl_initialization()":{"method":"initialization()","class":"BookingServiceImpl","cluster":"FlightBy_service"},"FlightServiceImpl_initialization()":{"method":"initialization()","class":"FlightServiceImpl","cluster":"FlightBy_service"},"AuthServiceImpl_initialization()":{"method":"initialization()","class":"AuthServiceImpl","cluster":"FlightBy_service"},"CustomerServiceImpl_initialization()":{"method":"initialization()","class":"CustomerServiceImpl","cluster":"Customer_service"}}}},"caller_classes":["BookingServiceImpl","FlightServiceImpl","AuthServiceImpl","CustomerServiceImpl"],"called_classes":[],"read_variables":{"db_ConnectionManager":{"field":"db","class":"ConnectionManager"}}},"Subgraph2":{"relocate_to":{},"methods":["getConnectionManager()"],"written_variables":{"connectionManager_ConnectionManager":{"field":"connectionManager","class":"ConnectionManager"}},"Subgraph":{"method_call_details_1":{"method_1":"getConnectionManager()","called_by_1":{"BookingServiceImpl_initialization()":{"method":"initialization()","class":"BookingServiceImpl","cluster":"FlightBy_service"},"FlightServiceImpl_initialization()":{"method":"initialization()","class":"FlightServiceImpl","cluster":"FlightBy_service"},"AuthServiceImpl_initialization()":{"method":"initialization()","class":"AuthServiceImpl","cluster":"FlightBy_service"},"CustomerServiceImpl_initialization()":{"method":"initialization()","class":"CustomerServiceImpl","cluster":"Customer_service"}}}},"caller_classes":["BookingServiceImpl","FlightServiceImpl","AuthServiceImpl","CustomerServiceImpl"],"called_classes":[],"read_variables":{"connectionManager_ConnectionManager":{"field":"connectionManager","class":"ConnectionManager"}}}}},"AuthServiceImpl10":{"cluster":"FlightBy_service","classname":"AuthServiceImpl","subgraphs":{"Subgraph1":{"relocate_to":{},"methods":["invalidateSession(String)"],"written_variables":{},"Subgraph":{"method_call_details_1":{"method_1":"invalidateSession(String)"}},"caller_classes":[],"called_classes":[],"read_variables":{}},"Subgraph5":{"relocate_to":{},"methods":["getSession(String)"],"written_variables":{},"Subgraph":{"method_call_details_1":{"method_1":"getSession(String)"}},"caller_classes":[],"called_classes":[],"read_variables":{}},"Subgraph4":{"relocate_to":{},"methods":["initialization()"],"written_variables":{"customerSession_AuthServiceImpl":{"field":"customerSession","class":"AuthServiceImpl"}},"Subgraph":{"method_call_details_1":{"method_1":"initialization()","calls_1":{"ConnectionManager_getDB()":{"method":"getDB()","class":"ConnectionManager","cluster":"FlightBy_service"},"ConnectionManager_getConnectionManager()":{"method":"getConnectionManager()","class":"ConnectionManager","cluster":"FlightBy_service"}}}},"caller_classes":[],"called_classes":["ConnectionManager"],"read_variables":{"customerSession_AuthServiceImpl":{"field":"customerSession","class":"AuthServiceImpl"}}},"Subgraph3":{"relocate_to":{},"methods":["countSessions()"],"written_variables":{},"Subgraph":{"method_call_details_1":{"method_1":"countSessions()"}},"caller_classes":[],"called_classes":[],"read_variables":{}},"Subgraph2":{"relocate_to":{},"methods":["dropSessions()"],"written_variables":{},"Subgraph":{"method_call_details_1":{"method_1":"dropSessions()"}},"caller_classes":[],"called_classes":[],"read_variables":{}},"Subgraph7":{"relocate_to":{},"methods":["createSession(String, String, Date, Date)"],"written_variables":{},"Subgraph":{"method_call_details_1":{"method_1":"createSession(String, String, Date, Date)"}},"caller_classes":[],"called_classes":[],"read_variables":{}},"Subgraph6":{"relocate_to":{},"methods":["removeSession(String)"],"written_variables":{},"Subgraph":{"method_call_details_1":{"method_1":"removeSession(String)"}},"caller_classes":[],"called_classes":[],"read_variables":{}}}},"BookingLoader24":{"cluster":"ServiceType_service","classname":"BookingLoader","subgraphs":{"Subgraph1":{"relocate_to":{},"methods":["dropBookings()"],"written_variables":{},"Subgraph":{"method_call_details_1":{"method_1":"dropBookings()","calls_1":{"BookingService_dropBookings()":{"method":"dropBookings()","class":"BookingService","cluster":"Session_service"}},"called_by_1":{"Loader_executeBookingDB()":{"method":"executeBookingDB()","class":"Loader","cluster":"ServiceType_service"},"Loader_execute(long)":{"method":"execute(long)","class":"Loader","cluster":"ServiceType_service"}}}},"caller_classes":["Loader"],"called_classes":["BookingService"],"read_variables":{}}}},"KeyGenerator4":{"cluster":"FlightBy_service","classname":"KeyGenerator","subgraphs":{"Subgraph1":{"relocate_to":{},"methods":["generate()"],"written_variables":{"util.UUID_none":{"field":"util.UUID","class":"none"},"util_none":{"field":"util","class":"none"}},"Subgraph":{"method_call_details_1":{"method_1":"generate()","called_by_1":{"AuthService_createSession(String)":{"method":"createSession(String)","class":"AuthService","cluster":"Session_service"},"FlightServiceImpl_createNewFlight(String, Date, Date, int, int, int, int, String)":{"method":"createNewFlight(String, Date, Date, int, int, int, int, String)","class":"FlightServiceImpl","cluster":"FlightBy_service"},"BookingServiceImpl_bookFlight(String, String)":{"method":"bookFlight(String, String)","class":"BookingServiceImpl","cluster":"FlightBy_service"}}}},"caller_classes":["AuthService","FlightServiceImpl","BookingServiceImpl"],"called_classes":[],"read_variables":{"util.UUID_none":{"field":"util.UUID","class":"none"},"util_none":{"field":"util","class":"none"}}}}},"BookingsREST28":{"cluster":"Session_service","classname":"BookingsREST","subgraphs":{"Subgraph1":{"relocate_to":{},"methods":["bookFlights(String, String, String, String, String, boolean)","cancelBookingsByNumber(String, String)","getBookingsByUser(String)"],"written_variables":{"INTERNAL_SERVER_ERROR_Status":{"field":"INTERNAL_SERVER_ERROR","class":"Status"}},"Subgraph":{"method_call_details_1":{"method_1":"bookFlights(String, String, String, String, String, boolean)","calls_1":{"BookingService_bookFlight(String, String, String)":{"method":"bookFlight(String, String, String)","class":"BookingService","cluster":"Session_service"}}},"method_call_details_2":{"method_2":"cancelBookingsByNumber(String, String)","calls_2":{"BookingService_cancelBooking(String, String)":{"method":"cancelBooking(String, String)","class":"BookingService","cluster":"Session_service"}}},"method_call_details_3":{"method_3":"getBookingsByUser(String)","calls_3":{"BookingService_getBookingsByUser(String)":{"method":"getBookingsByUser(String)","class":"BookingService","cluster":"Session_service"}}}},"caller_classes":[],"called_classes":["BookingService"],"read_variables":{"INTERNAL_SERVER_ERROR_Status":{"field":"INTERNAL_SERVER_ERROR","class":"Status"}}}}}}}