{"com.acmeair.web.BookingsREST":{"name":"com.acmeair.web.BookingsREST","usedClassesToCount":{"com.acmeair.service.BookingService":5,"com.acmeair.service.ServiceLocator":1},"usedByClassesToCount":{"com.acmeair.web.AcmeAirApp":1},"type":"both","superClass":"java.lang.Object","implementedInterfaces":[]},"com.acmeair.service.BookingService":{"name":"com.acmeair.service.BookingService","usedClassesToCount":{},"usedByClassesToCount":{"com.acmeair.web.BookingsREST":5,"com.acmeair.mongo.services.BookingServiceImpl":1,"com.acmeair.config.AcmeAirConfiguration":1,"com.acmeair.loader.BookingLoader":1},"type":"source","superClass":"java.lang.Object","implementedInterfaces":[]},"com.acmeair.web.AcmeAirApp":{"name":"com.acmeair.web.AcmeAirApp","usedClassesToCount":{"com.acmeair.web.CustomerREST":1,"com.acmeair.web.BookingsREST":1,"com.acmeair.web.LoginREST":1,"com.acmeair.web.FlightsREST":1},"usedByClassesToCount":{},"type":"sink","superClass":"javax.ws.rs.core.Application","implementedInterfaces":[]},"com.acmeair.service.CustomerService":{"name":"com.acmeair.service.CustomerService","usedClassesToCount":{"com.acmeair.web.dto.CustomerInfo":1,"com.acmeair.service.KeyGenerator":1},"usedByClassesToCount":{"com.acmeair.web.CustomerREST":4,"com.acmeair.web.LoginREST":1,"com.acmeair.mongo.services.CustomerServiceImpl":1,"com.acmeair.loader.CustomerLoader":2,"com.acmeair.config.AcmeAirConfiguration":1,"com.acmeair.service.ServiceLocator":1},"type":"both","superClass":"java.lang.Object","implementedInterfaces":[]},"com.acmeair.config.AcmeAirConfiguration$ServiceData":{"name":"com.acmeair.config.AcmeAirConfiguration$ServiceData","usedClassesToCount":{"com.acmeair.config.AcmeAirConfiguration":1},"usedByClassesToCount":{"com.acmeair.config.AcmeAirConfiguration":12},"type":"both","superClass":"java.lang.Object","implementedInterfaces":[]},"com.acmeair.service.FlightService":{"name":"com.acmeair.service.FlightService","usedClassesToCount":{"com.acmeair.AirportCodeMapping":1},"usedByClassesToCount":{"com.acmeair.web.CustomerREST":1,"com.acmeair.mongo.services.FlightServiceImpl":1,"com.acmeair.web.FlightsREST":2,"com.acmeair.loader.FlightLoader":6,"com.acmeair.mongo.services.BookingServiceImpl":1,"com.acmeair.config.AcmeAirConfiguration":3},"type":"both","superClass":"java.lang.Object","implementedInterfaces":[]},"com.acmeair.loader.Loader":{"name":"com.acmeair.loader.Loader","usedClassesToCount":{"com.acmeair.loader.FlightLoader":6,"com.acmeair.loader.SessionLoader":4,"com.acmeair.loader.CustomerLoader":6,"com.acmeair.loader.BookingLoader":4},"usedByClassesToCount":{"com.acmeair.config.LoaderREST":2},"type":"both","superClass":"java.lang.Object","implementedInterfaces":[]},"com.acmeair.AirportCodeMapping":{"name":"com.acmeair.AirportCodeMapping","usedClassesToCount":{},"usedByClassesToCount":{"com.acmeair.mongo.services.FlightServiceImpl":3,"com.acmeair.loader.FlightLoader":7,"com.acmeair.service.FlightService":1},"type":"source","superClass":"java.lang.Object","implementedInterfaces":[]},"com.acmeair.web.RESTCookieSessionFilter":{"name":"com.acmeair.web.RESTCookieSessionFilter","usedClassesToCount":{"com.acmeair.web.LoginREST":1,"com.acmeair.service.AuthService":1,"com.acmeair.service.ServiceLocator":1},"usedByClassesToCount":{"com.acmeair.web.CustomerREST":1},"type":"both","superClass":"java.lang.Object","implementedInterfaces":["javax.servlet.Filter"]},"com.acmeair.mongo.MongoConstants":{"name":"com.acmeair.mongo.MongoConstants","usedClassesToCount":{"com.acmeair.AcmeAirConstants":1},"usedByClassesToCount":{"com.acmeair.mongo.services.FlightServiceImpl":1,"com.acmeair.mongo.ConnectionManager":1,"com.acmeair.mongo.services.AuthServiceImpl":1,"com.acmeair.mongo.services.CustomerServiceImpl":1,"com.acmeair.mongo.services.BookingServiceImpl":1},"type":"both","superClass":"java.lang.Object","implementedInterfaces":["com.acmeair.AcmeAirConstants"]},"com.acmeair.util.Util":{"name":"com.acmeair.util.Util","usedClassesToCount":{"com.acmeair.util.Util$Not200Exception":1},"usedByClassesToCount":{"com.acmeair.util.ServiceRegister$1":1,"com.acmeair.util.Util$Not200Exception":1},"type":"both","superClass":"java.lang.Object","implementedInterfaces":[]},"com.acmeair.mongo.services.FlightServiceImpl":{"name":"com.acmeair.mongo.services.FlightServiceImpl","usedClassesToCount":{"com.acmeair.mongo.ConnectionManager":2,"com.acmeair.service.FlightService":1,"com.acmeair.service.DataService":1,"com.acmeair.AirportCodeMapping":3,"com.acmeair.service.KeyGenerator":1,"com.acmeair.mongo.MongoConstants":1},"usedByClassesToCount":{},"type":"sink","superClass":"com.acmeair.service.FlightService","implementedInterfaces":["com.acmeair.mongo.MongoConstants"]},"com.acmeair.AcmeAirConstants":{"name":"com.acmeair.AcmeAirConstants","usedClassesToCount":{},"usedByClassesToCount":{"com.acmeair.mongo.MongoConstants":1},"type":"source","superClass":"java.lang.Object","implementedInterfaces":[]},"com.acmeair.web.dto.AddressInfo":{"name":"com.acmeair.web.dto.AddressInfo","usedClassesToCount":{},"usedByClassesToCount":{"com.acmeair.web.dto.CustomerInfo":1,"com.acmeair.mongo.services.CustomerServiceImpl":7},"type":"source","superClass":"java.lang.Object","implementedInterfaces":["java.io.Serializable"]},"com.acmeair.mongo.ConnectionManager":{"name":"com.acmeair.mongo.ConnectionManager","usedClassesToCount":{"com.acmeair.mongo.MongoConstants":1},"usedByClassesToCount":{"com.acmeair.mongo.services.FlightServiceImpl":2,"com.acmeair.mongo.services.AuthServiceImpl":2,"com.acmeair.mongo.services.CustomerServiceImpl":2,"com.acmeair.mongo.services.BookingServiceImpl":2},"type":"both","superClass":"java.lang.Object","implementedInterfaces":["com.acmeair.mongo.MongoConstants"]},"com.acmeair.mongo.services.AuthServiceImpl":{"name":"com.acmeair.mongo.services.AuthServiceImpl","usedClassesToCount":{"com.acmeair.mongo.ConnectionManager":2,"com.acmeair.service.AuthService":1,"com.acmeair.service.DataService":1,"com.acmeair.mongo.MongoConstants":1},"usedByClassesToCount":{},"type":"sink","superClass":"com.acmeair.service.AuthService","implementedInterfaces":["com.acmeair.mongo.MongoConstants"]},"com.acmeair.mongo.services.CustomerServiceImpl":{"name":"com.acmeair.mongo.services.CustomerServiceImpl","usedClassesToCount":{"com.acmeair.web.dto.CustomerInfo":13,"com.acmeair.mongo.ConnectionManager":2,"com.acmeair.web.dto.AddressInfo":7,"com.acmeair.service.CustomerService":1,"com.acmeair.service.DataService":1,"com.acmeair.mongo.MongoConstants":1},"usedByClassesToCount":{},"type":"sink","superClass":"com.acmeair.service.CustomerService","implementedInterfaces":["com.acmeair.mongo.MongoConstants"]},"com.acmeair.service.ServiceLocator$2":{"name":"com.acmeair.service.ServiceLocator$2","usedClassesToCount":{"com.acmeair.service.ServiceLocator":1},"usedByClassesToCount":{"com.acmeair.service.ServiceLocator":1},"type":"both","superClass":"","implementedInterfaces":[]},"com.acmeair.service.ServiceLocator$1":{"name":"com.acmeair.service.ServiceLocator$1","usedClassesToCount":{"com.acmeair.service.ServiceLocator":1},"usedByClassesToCount":{"com.acmeair.service.ServiceLocator":1},"type":"both","superClass":"","implementedInterfaces":[]},"com.acmeair.web.AppConfig":{"name":"com.acmeair.web.AppConfig","usedClassesToCount":{"com.acmeair.config.LoaderREST":1,"com.acmeair.config.AcmeAirConfiguration":1},"usedByClassesToCount":{},"type":"sink","superClass":"javax.ws.rs.core.Application","implementedInterfaces":[]},"com.acmeair.config.LoaderREST":{"name":"com.acmeair.config.LoaderREST","usedClassesToCount":{"com.acmeair.loader.Loader":2},"usedByClassesToCount":{"com.acmeair.web.AppConfig":1},"type":"both","superClass":"java.lang.Object","implementedInterfaces":[]},"com.acmeair.loader.CustomerLoader":{"name":"com.acmeair.loader.CustomerLoader","usedClassesToCount":{"com.acmeair.service.CustomerService":2,"com.acmeair.service.ServiceLocator":1},"usedByClassesToCount":{"com.acmeair.loader.Loader":6},"type":"both","superClass":"java.lang.Object","implementedInterfaces":[]},"com.acmeair.util.Util$Not200Exception":{"name":"com.acmeair.util.Util$Not200Exception","usedClassesToCount":{"com.acmeair.util.Util":1},"usedByClassesToCount":{"com.acmeair.util.Util":1},"type":"both","superClass":"java.lang.Exception","implementedInterfaces":[]},"com.acmeair.service.KeyGenerator":{"name":"com.acmeair.service.KeyGenerator","usedClassesToCount":{},"usedByClassesToCount":{"com.acmeair.mongo.services.FlightServiceImpl":1,"com.acmeair.service.CustomerService":1,"com.acmeair.service.AuthService":1,"com.acmeair.mongo.services.BookingServiceImpl":1},"type":"source","superClass":"java.lang.Object","implementedInterfaces":[]},"com.acmeair.web.CustomerREST":{"name":"com.acmeair.web.CustomerREST","usedClassesToCount":{"com.acmeair.web.dto.CustomerInfo":3,"com.acmeair.service.CustomerService":4,"com.acmeair.service.FlightService":1,"com.acmeair.web.RESTCookieSessionFilter":1,"com.acmeair.service.ServiceLocator":1},"usedByClassesToCount":{"com.acmeair.web.AcmeAirApp":1},"type":"both","superClass":"java.lang.Object","implementedInterfaces":[]},"com.acmeair.web.LoginREST":{"name":"com.acmeair.web.LoginREST","usedClassesToCount":{"com.acmeair.service.CustomerService":1,"com.acmeair.service.AuthService":2,"com.acmeair.service.ServiceLocator":1},"usedByClassesToCount":{"com.acmeair.web.AcmeAirApp":1,"com.acmeair.web.RESTCookieSessionFilter":1},"type":"both","superClass":"java.lang.Object","implementedInterfaces":[]},"com.acmeair.loader.FlightLoader":{"name":"com.acmeair.loader.FlightLoader","usedClassesToCount":{"com.acmeair.service.FlightService":6,"com.acmeair.AirportCodeMapping":7,"com.acmeair.service.ServiceLocator":1},"usedByClassesToCount":{"com.acmeair.loader.Loader":6},"type":"both","superClass":"java.lang.Object","implementedInterfaces":[]},"com.acmeair.loader.SessionLoader":{"name":"com.acmeair.loader.SessionLoader","usedClassesToCount":{"com.acmeair.service.AuthService":1,"com.acmeair.service.ServiceLocator":1},"usedByClassesToCount":{"com.acmeair.loader.Loader":4},"type":"both","superClass":"java.lang.Object","implementedInterfaces":[]},"com.acmeair.util.ServiceRegister$1":{"name":"com.acmeair.util.ServiceRegister$1","usedClassesToCount":{"com.acmeair.util.ServiceRegister":1,"com.acmeair.util.Util":1},"usedByClassesToCount":{"com.acmeair.util.ServiceRegister":1},"type":"both","superClass":"java.lang.Object","implementedInterfaces":["java.lang.Runnable"]},"com.acmeair.util.ServiceRegister":{"name":"com.acmeair.util.ServiceRegister","usedClassesToCount":{"com.acmeair.util.ServiceRegister$1":1},"usedByClassesToCount":{"com.acmeair.util.ServiceRegister$1":1},"type":"both","superClass":"java.lang.Object","implementedInterfaces":["javax.servlet.ServletContextListener"]},"com.acmeair.config.AcmeAirConfiguration":{"name":"com.acmeair.config.AcmeAirConfiguration","usedClassesToCount":{"com.acmeair.service.BookingService":1,"com.acmeair.service.CustomerService":1,"com.acmeair.config.AcmeAirConfiguration$ServiceData":12,"com.acmeair.service.FlightService":3,"com.acmeair.service.AuthService":1,"com.acmeair.service.ServiceLocator":4},"usedByClassesToCount":{"com.acmeair.config.AcmeAirConfiguration$ServiceData":1,"com.acmeair.web.AppConfig":1},"type":"both","superClass":"java.lang.Object","implementedInterfaces":[]},"com.acmeair.loader.BookingLoader":{"name":"com.acmeair.loader.BookingLoader","usedClassesToCount":{"com.acmeair.service.BookingService":1,"com.acmeair.service.ServiceLocator":1},"usedByClassesToCount":{"com.acmeair.loader.Loader":4},"type":"both","superClass":"java.lang.Object","implementedInterfaces":[]},"com.acmeair.web.dto.CustomerInfo":{"name":"com.acmeair.web.dto.CustomerInfo","usedClassesToCount":{"com.acmeair.web.dto.AddressInfo":1},"usedByClassesToCount":{"com.acmeair.web.CustomerREST":3,"com.acmeair.service.CustomerService":1,"com.acmeair.mongo.services.CustomerServiceImpl":13},"type":"both","superClass":"java.lang.Object","implementedInterfaces":["java.io.Serializable"]},"com.acmeair.web.FlightsREST":{"name":"com.acmeair.web.FlightsREST","usedClassesToCount":{"com.acmeair.service.FlightService":2,"com.acmeair.service.ServiceLocator":1},"usedByClassesToCount":{"com.acmeair.web.AcmeAirApp":1},"type":"both","superClass":"java.lang.Object","implementedInterfaces":[]},"com.acmeair.service.AuthService":{"name":"com.acmeair.service.AuthService","usedClassesToCount":{"com.acmeair.service.KeyGenerator":1},"usedByClassesToCount":{"com.acmeair.web.LoginREST":2,"com.acmeair.mongo.services.AuthServiceImpl":1,"com.acmeair.loader.SessionLoader":1,"com.acmeair.web.RESTCookieSessionFilter":1,"com.acmeair.config.AcmeAirConfiguration":1},"type":"both","superClass":"java.lang.Object","implementedInterfaces":[]},"com.acmeair.service.DataService":{"name":"com.acmeair.service.DataService","usedClassesToCount":{},"usedByClassesToCount":{"com.acmeair.mongo.services.FlightServiceImpl":1,"com.acmeair.mongo.services.AuthServiceImpl":1,"com.acmeair.mongo.services.CustomerServiceImpl":1,"com.acmeair.mongo.services.BookingServiceImpl":1,"com.acmeair.service.ServiceLocator":9},"type":"source","superClass":"java.lang.Object","implementedInterfaces":["java.lang.annotation.Annotation"]},"com.acmeair.mongo.services.BookingServiceImpl":{"name":"com.acmeair.mongo.services.BookingServiceImpl","usedClassesToCount":{"com.acmeair.service.BookingService":1,"com.acmeair.mongo.ConnectionManager":2,"com.acmeair.service.FlightService":1,"com.acmeair.service.DataService":1,"com.acmeair.service.KeyGenerator":1,"com.acmeair.mongo.MongoConstants":1},"usedByClassesToCount":{},"type":"sink","superClass":"java.lang.Object","implementedInterfaces":["com.acmeair.service.BookingService","com.acmeair.mongo.MongoConstants"]},"com.acmeair.service.ServiceLocator":{"name":"com.acmeair.service.ServiceLocator","usedClassesToCount":{"com.acmeair.service.CustomerService":1,"com.acmeair.service.ServiceLocator$2":1,"com.acmeair.service.ServiceLocator$1":1,"com.acmeair.service.DataService":9},"usedByClassesToCount":{"com.acmeair.web.CustomerREST":1,"com.acmeair.web.BookingsREST":1,"com.acmeair.web.LoginREST":1,"com.acmeair.web.FlightsREST":1,"com.acmeair.loader.FlightLoader":1,"com.acmeair.loader.SessionLoader":1,"com.acmeair.service.ServiceLocator$2":1,"com.acmeair.service.ServiceLocator$1":1,"com.acmeair.web.RESTCookieSessionFilter":1,"com.acmeair.loader.CustomerLoader":1,"com.acmeair.config.AcmeAirConfiguration":4,"com.acmeair.loader.BookingLoader":1},"type":"both","superClass":"java.lang.Object","implementedInterfaces":[]}}
