{"clusters": [{"type": "microservices_group", "label": "0", "id": "16301633946725120974258176", "nodes": ["2", "10", "13", "19", "25"]}, {"type": "microservices_group", "label": "1", "id": "16301633946725260560695296", "nodes": ["5", "15", "16", "17", "21", "22", "24", "29"]}, {"type": "microservices_group", "label": "2", "id": "16301633946725361492426752", "nodes": ["4", "6", "7", "8", "9", "11", "12", "18", "28"]}, {"type": "microservices_group", "label": "3", "id": "16301633946725440949321728", "nodes": ["0", "1", "3", "14", "20", "23", "26", "27"]}], "edges": [{"type": "inter_class_connections", "weight": "1", "relationship": [{"id": "0_1", "properties": {"start": "0", "end": "1"}, "frequency": "1"}, {"id": "0_29", "properties": {"start": "0", "end": "29"}, "frequency": "1"}, {"id": "2_18", "properties": {"start": "2", "end": "18"}, "frequency": "1"}, {"id": "2_25", "properties": {"start": "2", "end": "25"}, "frequency": "1"}, {"id": "3_23", "properties": {"start": "3", "end": "23"}, "frequency": "1"}, {"id": "4_6", "properties": {"start": "4", "end": "6"}, "frequency": "1"}, {"id": "5_17", "properties": {"start": "5", "end": "17"}, "frequency": "1"}, {"id": "5_21", "properties": {"start": "5", "end": "21"}, "frequency": "1"}, {"id": "5_22", "properties": {"start": "5", "end": "22"}, "frequency": "1"}, {"id": "5_24", "properties": {"start": "5", "end": "24"}, "frequency": "1"}, {"id": "7_9", "properties": {"start": "7", "end": "9"}, "frequency": "1"}, {"id": "8_4", "properties": {"start": "8", "end": "4"}, "frequency": "1"}, {"id": "8_6", "properties": {"start": "8", "end": "6"}, "frequency": "1"}, {"id": "8_7", "properties": {"start": "8", "end": "7"}, "frequency": "1"}, {"id": "8_11", "properties": {"start": "8", "end": "11"}, "frequency": "1"}, {"id": "8_18", "properties": {"start": "8", "end": "18"}, "frequency": "1"}, {"id": "11_7", "properties": {"start": "11", "end": "7"}, "frequency": "1"}, {"id": "12_7", "properties": {"start": "12", "end": "7"}, "frequency": "1"}, {"id": "12_11", "properties": {"start": "12", "end": "11"}, "frequency": "1"}, {"id": "12_27", "properties": {"start": "12", "end": "27"}, "frequency": "1"}, {"id": "13_2", "properties": {"start": "13", "end": "2"}, "frequency": "1"}, {"id": "13_7", "properties": {"start": "13", "end": "7"}, "frequency": "1"}, {"id": "13_10", "properties": {"start": "13", "end": "10"}, "frequency": "1"}, {"id": "13_11", "properties": {"start": "13", "end": "11"}, "frequency": "1"}, {"id": "13_25", "properties": {"start": "13", "end": "25"}, "frequency": "1"}, {"id": "14_29", "properties": {"start": "14", "end": "29"}, "frequency": "1"}, {"id": "15_29", "properties": {"start": "15", "end": "29"}, "frequency": "1"}, {"id": "16_5", "properties": {"start": "16", "end": "5"}, "frequency": "1"}, {"id": "17_2", "properties": {"start": "17", "end": "2"}, "frequency": "1"}, {"id": "17_29", "properties": {"start": "17", "end": "29"}, "frequency": "1"}, {"id": "19_2", "properties": {"start": "19", "end": "2"}, "frequency": "1"}, {"id": "19_4", "properties": {"start": "19", "end": "4"}, "frequency": "1"}, {"id": "19_25", "properties": {"start": "19", "end": "25"}, "frequency": "1"}, {"id": "19_29", "properties": {"start": "19", "end": "29"}, "frequency": "1"}, {"id": "20_2", "properties": {"start": "20", "end": "2"}, "frequency": "1"}, {"id": "20_27", "properties": {"start": "20", "end": "27"}, "frequency": "1"}, {"id": "20_29", "properties": {"start": "20", "end": "29"}, "frequency": "1"}, {"id": "21_4", "properties": {"start": "21", "end": "4"}, "frequency": "1"}, {"id": "21_6", "properties": {"start": "21", "end": "6"}, "frequency": "1"}, {"id": "21_29", "properties": {"start": "21", "end": "29"}, "frequency": "1"}, {"id": "22_27", "properties": {"start": "22", "end": "27"}, "frequency": "1"}, {"id": "22_29", "properties": {"start": "22", "end": "29"}, "frequency": "1"}, {"id": "23_1", "properties": {"start": "23", "end": "1"}, "frequency": "1"}, {"id": "23_2", "properties": {"start": "23", "end": "2"}, "frequency": "1"}, {"id": "23_3", "properties": {"start": "23", "end": "3"}, "frequency": "1"}, {"id": "23_4", "properties": {"start": "23", "end": "4"}, "frequency": "1"}, {"id": "23_27", "properties": {"start": "23", "end": "27"}, "frequency": "1"}, {"id": "23_29", "properties": {"start": "23", "end": "29"}, "frequency": "1"}, {"id": "24_1", "properties": {"start": "24", "end": "1"}, "frequency": "1"}, {"id": "24_29", "properties": {"start": "24", "end": "29"}, "frequency": "1"}, {"id": "25_10", "properties": {"start": "25", "end": "10"}, "frequency": "1"}, {"id": "26_4", "properties": {"start": "26", "end": "4"}, "frequency": "1"}, {"id": "26_29", "properties": {"start": "26", "end": "29"}, "frequency": "1"}, {"id": "27_18", "properties": {"start": "27", "end": "18"}, "frequency": "1"}, {"id": "28_1", "properties": {"start": "28", "end": "1"}, "frequency": "1"}, {"id": "28_4", "properties": {"start": "28", "end": "4"}, "frequency": "1"}, {"id": "28_7", "properties": {"start": "28", "end": "7"}, "frequency": "1"}, {"id": "28_11", "properties": {"start": "28", "end": "11"}, "frequency": "1"}, {"id": "28_18", "properties": {"start": "28", "end": "18"}, "frequency": "1"}, {"id": "29_2", "properties": {"start": "29", "end": "2"}, "frequency": "1"}, {"id": "29_14", "properties": {"start": "29", "end": "14"}, "frequency": "1"}, {"id": "29_15", "properties": {"start": "29", "end": "15"}, "frequency": "1"}]}, {"type": "resource_relatedness", "weight": "1", "relationship": []}], "nodes": [{"entity_type": "class", "label": "com.acmeair.web.BookingsREST", "id": "0"}, {"entity_type": "class", "label": "com.acmeair.service.BookingService", "id": "1"}, {"entity_type": "class", "label": "com.acmeair.service.CustomerService", "id": "2"}, {"entity_type": "class", "label": "com.acmeair.config.AcmeAirConfiguration$ServiceData", "id": "3"}, {"entity_type": "class", "label": "com.acmeair.service.FlightService", "id": "4"}, {"entity_type": "class", "label": "com.acmeair.loader.Loader", "id": "5"}, {"entity_type": "class", "label": "com.acmeair.AirportCodeMapping", "id": "6"}, {"entity_type": "class", "label": "com.acmeair.mongo.MongoConstants", "id": "7"}, {"entity_type": "class", "label": "com.acmeair.mongo.services.FlightServiceImpl", "id": "8"}, {"entity_type": "class", "label": "com.acmeair.AcmeAirConstants", "id": "9"}, {"entity_type": "class", "label": "com.acmeair.web.dto.AddressInfo", "id": "10"}, {"entity_type": "class", "label": "com.acmeair.mongo.ConnectionManager", "id": "11"}, {"entity_type": "class", "label": "com.acmeair.mongo.services.AuthServiceImpl", "id": "12"}, {"entity_type": "class", "label": "com.acmeair.mongo.services.CustomerServiceImpl", "id": "13"}, {"entity_type": "class", "label": "com.acmeair.service.ServiceLocator$2", "id": "14"}, {"entity_type": "class", "label": "com.acmeair.service.ServiceLocator$1", "id": "15"}, {"entity_type": "class", "label": "com.acmeair.config.LoaderREST", "id": "16"}, {"entity_type": "class", "label": "com.acmeair.loader.CustomerLoader", "id": "17"}, {"entity_type": "class", "label": "com.acmeair.service.KeyGenerator", "id": "18"}, {"entity_type": "class", "label": "com.acmeair.web.CustomerREST", "id": "19"}, {"entity_type": "class", "label": "com.acmeair.web.LoginREST", "id": "20"}, {"entity_type": "class", "label": "com.acmeair.loader.FlightLoader", "id": "21"}, {"entity_type": "class", "label": "com.acmeair.loader.SessionLoader", "id": "22"}, {"entity_type": "class", "label": "com.acmeair.config.AcmeAirConfiguration", "id": "23"}, {"entity_type": "class", "label": "com.acmeair.loader.BookingLoader", "id": "24"}, {"entity_type": "class", "label": "com.acmeair.web.dto.CustomerInfo", "id": "25"}, {"entity_type": "class", "label": "com.acmeair.web.FlightsREST", "id": "26"}, {"entity_type": "class", "label": "com.acmeair.service.AuthService", "id": "27"}, {"entity_type": "class", "label": "com.acmeair.mongo.services.BookingServiceImpl", "id": "28"}, {"entity_type": "class", "label": "com.acmeair.service.ServiceLocator", "id": "29"}]}