{"clusters": [{"type": "microservices_group", "label": "VisitController_service", "id": "16301677696916449497448448", "nodes": ["11", "15", "19", "59", "61", "60", "32", "31"], "description": "VisitController, NamedEntity, Named, Visit, Entity"}, {"type": "microservices_group", "label": "Visitget_service", "id": "16301677696916629886074880", "nodes": ["1", "69", "67", "70", "71", "68"], "description": "Visitget, visit, Visitset, Visit, Description"}, {"type": "microservices_group", "label": "Petset_service", "id": "16301677696916698605551616", "nodes": ["0", "48", "47", "46", "45"], "description": "Petset, Petget, Pet, owner, samples"}, {"type": "microservices_group", "label": "PetController_service", "id": "16301677696916821012119552", "nodes": ["2", "3", "5", "6", "7", "8", "9", "10", "16", "18", "23", "24", "25", "26", "27", "29", "37", "39", "57", "51", "40", "34", "36", "49", "33", "35", "66", "55", "54", "52", "58", "53", "65", "50", "62", "63", "64", "30", "44", "56", "38", "42", "43", "41"], "description": "PetController, PetType, TypeFormatter, OwnerController, Ownerget"}, {"label": "Refactor_candidates_group_service", "id": "16301677697156291208675328", "type": "refactor_candidates_group", "description": "BaseEntity, springframework, samples, petclinic, model", "properties": {"affected_business_domains": [""], "db_dependence": {"db": "", "tables": [""]}}, "metrics": {"cohesion_score": "", "conceptual_independence": "", "coupling_score": "", "independence_score": "", "data_independence_score": "", "volume_inter_partition_calls": "", "transaction_independence_score": "", "functional_encapsulation": "", "modularity": "", "structural_cohesivity": ""}, "nodes": ["13"], "transactions": []}, {"label": "Utility_group_service", "id": "16301677697157828806967296", "type": "utility_group", "description": "", "properties": {"affected_business_domains": [""], "db_dependence": {"db": "", "tables": [""]}}, "metrics": {"cohesion_score": "", "conceptual_independence": "", "coupling_score": "", "independence_score": "", "data_independence_score": "", "volume_inter_partition_calls": "", "transaction_independence_score": "", "functional_encapsulation": "", "modularity": "", "structural_cohesivity": ""}, "nodes": [], "transactions": []}, {"label": "Unassigned_group_service", "id": "16301677697158498821865472", "type": "unassigned_group", "description": "format, String, Repository, springframework, samples", "properties": {"affected_business_domains": [""], "db_dependence": {"db": "", "tables": [""]}}, "metrics": {"cohesion_score": "", "conceptual_independence": "", "coupling_score": "", "independence_score": "", "data_independence_score": "", "volume_inter_partition_calls": "", "transaction_independence_score": "", "functional_encapsulation": "", "modularity": "", "structural_cohesivity": ""}, "nodes": ["4", "12", "14", "17", "20", "21", "22", "28"], "transactions": []}, {"label": "Unreachable_group_service", "id": "16301677697158979858202624", "type": "unreachable_group", "description": "", "properties": {"affected_business_domains": [""], "db_dependence": {"db": "", "tables": [""]}}, "metrics": {"cohesion_score": "", "conceptual_independence": "", "coupling_score": "", "independence_score": "", "data_independence_score": "", "volume_inter_partition_calls": "", "transaction_independence_score": "", "functional_encapsulation": "", "modularity": "", "structural_cohesivity": ""}, "nodes": [], "transactions": []}], "edges": [{"type": "inter_class_connections", "weight": "1", "relationship": [{"id": "0_1", "properties": {"start": "0", "end": "1"}, "frequency": "1"}, {"id": "0_6", "properties": {"start": "0", "end": "6"}, "frequency": "1"}, {"id": "0_12", "properties": {"start": "0", "end": "12"}, "frequency": "1"}, {"id": "0_13", "properties": {"start": "0", "end": "13"}, "frequency": "1"}, {"id": "7_18", "properties": {"start": "7", "end": "18"}, "frequency": "1"}, {"id": "7_20", "properties": {"start": "7", "end": "20"}, "frequency": "1"}, {"id": "8_4", "properties": {"start": "8", "end": "4"}, "frequency": "1"}, {"id": "8_14", "properties": {"start": "8", "end": "14"}, "frequency": "1"}, {"id": "8_19", "properties": {"start": "8", "end": "19"}, "frequency": "1"}, {"id": "8_29", "properties": {"start": "8", "end": "29"}, "frequency": "1"}, {"id": "9_0", "properties": {"start": "9", "end": "0"}, "frequency": "1"}, {"id": "9_2", "properties": {"start": "9", "end": "2"}, "frequency": "1"}, {"id": "9_3", "properties": {"start": "9", "end": "3"}, "frequency": "1"}, {"id": "9_13", "properties": {"start": "9", "end": "13"}, "frequency": "1"}, {"id": "9_19", "properties": {"start": "9", "end": "19"}, "frequency": "1"}, {"id": "9_28", "properties": {"start": "9", "end": "28"}, "frequency": "1"}, {"id": "11_0", "properties": {"start": "11", "end": "0"}, "frequency": "1"}, {"id": "11_1", "properties": {"start": "11", "end": "1"}, "frequency": "1"}, {"id": "11_2", "properties": {"start": "11", "end": "2"}, "frequency": "1"}, {"id": "11_10", "properties": {"start": "11", "end": "10"}, "frequency": "1"}, {"id": "11_15", "properties": {"start": "11", "end": "15"}, "frequency": "1"}, {"id": "11_29", "properties": {"start": "11", "end": "29"}, "frequency": "1"}, {"id": "23_0", "properties": {"start": "23", "end": "0"}, "frequency": "1"}, {"id": "23_6", "properties": {"start": "23", "end": "6"}, "frequency": "1"}, {"id": "23_12", "properties": {"start": "23", "end": "12"}, "frequency": "1"}, {"id": "23_13", "properties": {"start": "23", "end": "13"}, "frequency": "1"}, {"id": "23_17", "properties": {"start": "23", "end": "17"}, "frequency": "1"}, {"id": "23_19", "properties": {"start": "23", "end": "19"}, "frequency": "1"}, {"id": "23_24", "properties": {"start": "23", "end": "24"}, "frequency": "1"}, {"id": "25_0", "properties": {"start": "25", "end": "0"}, "frequency": "1"}, {"id": "25_2", "properties": {"start": "25", "end": "2"}, "frequency": "1"}, {"id": "25_9", "properties": {"start": "25", "end": "9"}, "frequency": "1"}, {"id": "25_13", "properties": {"start": "25", "end": "13"}, "frequency": "1"}, {"id": "25_15", "properties": {"start": "25", "end": "15"}, "frequency": "1"}, {"id": "25_19", "properties": {"start": "25", "end": "19"}, "frequency": "1"}, {"id": "25_21", "properties": {"start": "25", "end": "21"}, "frequency": "1"}, {"id": "25_23", "properties": {"start": "25", "end": "23"}, "frequency": "1"}, {"id": "25_28", "properties": {"start": "25", "end": "28"}, "frequency": "1"}, {"id": "25_29", "properties": {"start": "25", "end": "29"}, "frequency": "1"}, {"id": "26_0", "properties": {"start": "26", "end": "0"}, "frequency": "1"}, {"id": "26_2", "properties": {"start": "26", "end": "2"}, "frequency": "1"}, {"id": "26_5", "properties": {"start": "26", "end": "5"}, "frequency": "1"}, {"id": "26_10", "properties": {"start": "26", "end": "10"}, "frequency": "1"}, {"id": "26_13", "properties": {"start": "26", "end": "13"}, "frequency": "1"}, {"id": "26_15", "properties": {"start": "26", "end": "15"}, "frequency": "1"}, {"id": "26_21", "properties": {"start": "26", "end": "21"}, "frequency": "1"}, {"id": "26_22", "properties": {"start": "26", "end": "22"}, "frequency": "1"}, {"id": "26_23", "properties": {"start": "26", "end": "23"}, "frequency": "1"}, {"id": "26_24", "properties": {"start": "26", "end": "24"}, "frequency": "1"}, {"id": "27_6", "properties": {"start": "27", "end": "6"}, "frequency": "1"}, {"id": "27_12", "properties": {"start": "27", "end": "12"}, "frequency": "1"}]}, {"type": "resource_relatedness", "weight": "1", "relationship": []}, {"type": "service_entry_relatedness", "weight": "", "description": "", "relationship": [{"label": "", "id": "0_48", "description": "", "properties": {"start": "0", "end": "48"}, "frequency": "1", "methods": [""]}, {"label": "", "id": "11_59", "description": "", "properties": {"start": "11", "end": "59"}, "frequency": "1", "methods": [""]}, {"label": "", "id": "23_37", "description": "", "properties": {"start": "23", "end": "37"}, "frequency": "1", "methods": [""]}, {"label": "", "id": "23_39", "description": "", "properties": {"start": "23", "end": "39"}, "frequency": "1", "methods": [""]}, {"label": "", "id": "9_57", "description": "", "properties": {"start": "9", "end": "57"}, "frequency": "1", "methods": [""]}, {"label": "", "id": "25_51", "description": "", "properties": {"start": "25", "end": "51"}, "frequency": "1", "methods": [""]}, {"label": "", "id": "11_61", "description": "", "properties": {"start": "11", "end": "61"}, "frequency": "1", "methods": [""]}, {"label": "", "id": "0_47", "description": "", "properties": {"start": "0", "end": "47"}, "frequency": "1", "methods": [""]}, {"label": "", "id": "1_69", "description": "", "properties": {"start": "1", "end": "69"}, "frequency": "1", "methods": [""]}, {"label": "", "id": "23_40", "description": "", "properties": {"start": "23", "end": "40"}, "frequency": "1", "methods": [""]}, {"label": "", "id": "23_34", "description": "", "properties": {"start": "23", "end": "34"}, "frequency": "1", "methods": [""]}, {"label": "", "id": "23_36", "description": "", "properties": {"start": "23", "end": "36"}, "frequency": "1", "methods": [""]}, {"label": "", "id": "11_60", "description": "", "properties": {"start": "11", "end": "60"}, "frequency": "1", "methods": [""]}, {"label": "", "id": "1_67", "description": "", "properties": {"start": "1", "end": "67"}, "frequency": "1", "methods": [""]}, {"label": "", "id": "1_70", "description": "", "properties": {"start": "1", "end": "70"}, "frequency": "1", "methods": [""]}, {"label": "", "id": "25_49", "description": "", "properties": {"start": "25", "end": "49"}, "frequency": "1", "methods": [""]}, {"label": "", "id": "24_33", "description": "", "properties": {"start": "24", "end": "33"}, "frequency": "1", "methods": [""]}, {"label": "", "id": "23_35", "description": "", "properties": {"start": "23", "end": "35"}, "frequency": "1", "methods": [""]}, {"label": "", "id": "7_66", "description": "", "properties": {"start": "7", "end": "66"}, "frequency": "1", "methods": [""]}, {"label": "", "id": "8_55", "description": "", "properties": {"start": "8", "end": "55"}, "frequency": "1", "methods": [""]}, {"label": "", "id": "1_71", "description": "", "properties": {"start": "1", "end": "71"}, "frequency": "1", "methods": [""]}, {"label": "", "id": "8_54", "description": "", "properties": {"start": "8", "end": "54"}, "frequency": "1", "methods": [""]}, {"label": "", "id": "0_46", "description": "", "properties": {"start": "0", "end": "46"}, "frequency": "1", "methods": [""]}, {"label": "", "id": "25_52", "description": "", "properties": {"start": "25", "end": "52"}, "frequency": "1", "methods": [""]}, {"label": "", "id": "9_58", "description": "", "properties": {"start": "9", "end": "58"}, "frequency": "1", "methods": [""]}, {"label": "", "id": "25_53", "description": "", "properties": {"start": "25", "end": "53"}, "frequency": "1", "methods": [""]}, {"label": "", "id": "27_65", "description": "", "properties": {"start": "27", "end": "65"}, "frequency": "1", "methods": [""]}, {"label": "", "id": "25_50", "description": "", "properties": {"start": "25", "end": "50"}, "frequency": "1", "methods": [""]}, {"label": "", "id": "27_62", "description": "", "properties": {"start": "27", "end": "62"}, "frequency": "1", "methods": [""]}, {"label": "", "id": "1_68", "description": "", "properties": {"start": "1", "end": "68"}, "frequency": "1", "methods": [""]}, {"label": "", "id": "0_45", "description": "", "properties": {"start": "0", "end": "45"}, "frequency": "1", "methods": [""]}, {"label": "", "id": "27_63", "description": "", "properties": {"start": "27", "end": "63"}, "frequency": "1", "methods": [""]}, {"label": "", "id": "27_64", "description": "", "properties": {"start": "27", "end": "64"}, "frequency": "1", "methods": [""]}, {"label": "", "id": "19_32", "description": "", "properties": {"start": "19", "end": "32"}, "frequency": "1", "methods": [""]}, {"label": "", "id": "16_30", "description": "", "properties": {"start": "16", "end": "30"}, "frequency": "1", "methods": [""]}, {"label": "", "id": "26_44", "description": "", "properties": {"start": "26", "end": "44"}, "frequency": "1", "methods": [""]}, {"label": "", "id": "19_31", "description": "", "properties": {"start": "19", "end": "31"}, "frequency": "1", "methods": [""]}, {"label": "", "id": "8_56", "description": "", "properties": {"start": "8", "end": "56"}, "frequency": "1", "methods": [""]}, {"label": "", "id": "23_38", "description": "", "properties": {"start": "23", "end": "38"}, "frequency": "1", "methods": [""]}, {"label": "", "id": "23_42", "description": "", "properties": {"start": "23", "end": "42"}, "frequency": "1", "methods": [""]}, {"label": "", "id": "26_43", "description": "", "properties": {"start": "26", "end": "43"}, "frequency": "1", "methods": [""]}, {"label": "", "id": "23_41", "description": "", "properties": {"start": "23", "end": "41"}, "frequency": "1", "methods": [""]}]}], "nodes": [{"entity_type": "service_program", "label": "org.springframework.samples.petclinic.owner.Pet", "id": "0"}, {"entity_type": "service_program", "label": "org.springframework.samples.petclinic.visit.Visit", "id": "1"}, {"entity_type": "class", "label": "org.springframework.validation.Errors", "id": "2"}, {"entity_type": "class", "label": "org.springframework.validation.Validator", "id": "3"}, {"entity_type": "class", "label": "org.springframework.format.Printer", "id": "4"}, {"entity_type": "class", "label": "org.springframework.ui.Model", "id": "5"}, {"entity_type": "class", "label": "org.springframework.beans.support.PropertyComparator", "id": "6"}, {"entity_type": "service_program", "label": "org.springframework.samples.petclinic.vet.VetController", "id": "7"}, {"entity_type": "service_program", "label": "org.springframework.samples.petclinic.owner.PetTypeFormatter", "id": "8"}, {"entity_type": "service_program", "label": "org.springframework.samples.petclinic.owner.PetValidator", "id": "9"}, {"entity_type": "class", "label": "org.springframework.samples.petclinic.visit.VisitRepository", "id": "10"}, {"entity_type": "service_program", "label": "org.springframework.samples.petclinic.owner.VisitController", "id": "11"}, {"entity_type": "class", "label": "org.springframework.beans.support.MutableSortDefinition", "id": "12"}, {"entity_type": "class", "label": "org.springframework.samples.petclinic.model.BaseEntity", "id": "13"}, {"entity_type": "class", "label": "org.springframework.format.Parser", "id": "14"}, {"entity_type": "class", "label": "org.springframework.validation.DataBinder", "id": "15"}, {"entity_type": "service_program", "label": "org.springframework.samples.petclinic.PetClinicApplication", "id": "16"}, {"entity_type": "class", "label": "org.springframework.core.style.ToStringCreator", "id": "17"}, {"entity_type": "class", "label": "org.springframework.samples.petclinic.vet.Vets", "id": "18"}, {"entity_type": "service_program", "label": "org.springframework.samples.petclinic.model.NamedEntity", "id": "19"}, {"entity_type": "class", "label": "org.springframework.samples.petclinic.vet.VetRepository", "id": "20"}, {"entity_type": "class", "label": "org.springframework.samples.petclinic.owner.OwnerRepository", "id": "21"}, {"entity_type": "class", "label": "org.springframework.web.servlet.ModelAndView", "id": "22"}, {"entity_type": "service_program", "label": "org.springframework.samples.petclinic.owner.Owner", "id": "23"}, {"entity_type": "service_program", "label": "org.springframework.samples.petclinic.model.Person", "id": "24"}, {"entity_type": "service_program", "label": "org.springframework.samples.petclinic.owner.PetController", "id": "25"}, {"entity_type": "service_program", "label": "org.springframework.samples.petclinic.owner.OwnerController", "id": "26"}, {"entity_type": "service_program", "label": "org.springframework.samples.petclinic.vet.Vet", "id": "27"}, {"entity_type": "class", "label": "org.springframework.util.StringUtils", "id": "28"}, {"entity_type": "class", "label": "org.springframework.samples.petclinic.owner.PetRepository", "id": "29"}, {"entity_type": "service_entry", "label": "org.springframework.samples.petclinic.PetClinicApplication.main", "id": "30", "properties": {"entry_type": "JavaMethod}"}}, {"entity_type": "service_entry", "label": "org.springframework.samples.petclinic.model.NamedEntity.setName", "id": "31", "properties": {"entry_type": "JavaMethod}"}}, {"entity_type": "service_entry", "label": "org.springframework.samples.petclinic.model.NamedEntity.toString", "id": "32", "properties": {"entry_type": "JavaMethod}"}}, {"entity_type": "service_entry", "label": "org.springframework.samples.petclinic.model.Person.setFirstName", "id": "33", "properties": {"entry_type": "JavaMethod}"}}, {"entity_type": "service_entry", "label": "org.springframework.samples.petclinic.owner.Owner.getAddress", "id": "34", "properties": {"entry_type": "JavaMethod}"}}, {"entity_type": "service_entry", "label": "org.springframework.samples.petclinic.owner.Owner.getCity", "id": "35", "properties": {"entry_type": "JavaMethod}"}}, {"entity_type": "service_entry", "label": "org.springframework.samples.petclinic.owner.Owner.getPet", "id": "36", "properties": {"entry_type": "JavaMethod}"}}, {"entity_type": "service_entry", "label": "org.springframework.samples.petclinic.owner.Owner.getTelephone", "id": "37", "properties": {"entry_type": "JavaMethod}"}}, {"entity_type": "service_entry", "label": "org.springframework.samples.petclinic.owner.Owner.setAddress", "id": "38", "properties": {"entry_type": "JavaMethod}"}}, {"entity_type": "service_entry", "label": "org.springframework.samples.petclinic.owner.Owner.setCity", "id": "39", "properties": {"entry_type": "JavaMethod}"}}, {"entity_type": "service_entry", "label": "org.springframework.samples.petclinic.owner.Owner.setPetsInternal", "id": "40", "properties": {"entry_type": "JavaMethod}"}}, {"entity_type": "service_entry", "label": "org.springframework.samples.petclinic.owner.Owner.setTelephone", "id": "41", "properties": {"entry_type": "JavaMethod}"}}, {"entity_type": "service_entry", "label": "org.springframework.samples.petclinic.owner.Owner.toString", "id": "42", "properties": {"entry_type": "JavaMethod}"}}, {"entity_type": "service_entry", "label": "org.springframework.samples.petclinic.owner.OwnerController.OwnerController", "id": "43", "properties": {"entry_type": "JavaConstructor}"}}, {"entity_type": "service_entry", "label": "org.springframework.samples.petclinic.owner.OwnerController.setAllowedFields", "id": "44", "properties": {"entry_type": "JavaMethod}"}}, {"entity_type": "service_entry", "label": "org.springframework.samples.petclinic.owner.Pet.getOwner", "id": "45", "properties": {"entry_type": "JavaMethod}"}}, {"entity_type": "service_entry", "label": "org.springframework.samples.petclinic.owner.Pet.getVisits", "id": "46", "properties": {"entry_type": "JavaMethod}"}}, {"entity_type": "service_entry", "label": "org.springframework.samples.petclinic.owner.Pet.setBirthDate", "id": "47", "properties": {"entry_type": "JavaMethod}"}}, {"entity_type": "service_entry", "label": "org.springframework.samples.petclinic.owner.Pet.setType", "id": "48", "properties": {"entry_type": "JavaMethod}"}}, {"entity_type": "service_entry", "label": "org.springframework.samples.petclinic.owner.PetController.PetController", "id": "49", "properties": {"entry_type": "JavaConstructor}"}}, {"entity_type": "service_entry", "label": "org.springframework.samples.petclinic.owner.PetController.findOwner", "id": "50", "properties": {"entry_type": "JavaMethod}"}}, {"entity_type": "service_entry", "label": "org.springframework.samples.petclinic.owner.PetController.initOwnerBinder", "id": "51", "properties": {"entry_type": "JavaMethod}"}}, {"entity_type": "service_entry", "label": "org.springframework.samples.petclinic.owner.PetController.initPetBinder", "id": "52", "properties": {"entry_type": "JavaMethod}"}}, {"entity_type": "service_entry", "label": "org.springframework.samples.petclinic.owner.PetController.populatePetTypes", "id": "53", "properties": {"entry_type": "JavaMethod}"}}, {"entity_type": "service_entry", "label": "org.springframework.samples.petclinic.owner.PetTypeFormatter.PetTypeFormatter", "id": "54", "properties": {"entry_type": "JavaConstructor}"}}, {"entity_type": "service_entry", "label": "org.springframework.samples.petclinic.owner.PetTypeFormatter.parse", "id": "55", "properties": {"entry_type": "JavaMethod}"}}, {"entity_type": "service_entry", "label": "org.springframework.samples.petclinic.owner.PetTypeFormatter.print", "id": "56", "properties": {"entry_type": "JavaMethod}"}}, {"entity_type": "service_entry", "label": "org.springframework.samples.petclinic.owner.PetValidator.supports", "id": "57", "properties": {"entry_type": "JavaMethod}"}}, {"entity_type": "service_entry", "label": "org.springframework.samples.petclinic.owner.PetValidator.validate", "id": "58", "properties": {"entry_type": "JavaMethod}"}}, {"entity_type": "service_entry", "label": "org.springframework.samples.petclinic.owner.VisitController.VisitController", "id": "59", "properties": {"entry_type": "JavaConstructor}"}}, {"entity_type": "service_entry", "label": "org.springframework.samples.petclinic.owner.VisitController.loadPetWithVisit", "id": "60", "properties": {"entry_type": "JavaMethod}"}}, {"entity_type": "service_entry", "label": "org.springframework.samples.petclinic.owner.VisitController.setAllowedFields", "id": "61", "properties": {"entry_type": "JavaMethod}"}}, {"entity_type": "service_entry", "label": "org.springframework.samples.petclinic.vet.Vet.addSpecialty", "id": "62", "properties": {"entry_type": "JavaMethod}"}}, {"entity_type": "service_entry", "label": "org.springframework.samples.petclinic.vet.Vet.getNrOfSpecialties", "id": "63", "properties": {"entry_type": "JavaMethod}"}}, {"entity_type": "service_entry", "label": "org.springframework.samples.petclinic.vet.Vet.getSpecialties", "id": "64", "properties": {"entry_type": "JavaMethod}"}}, {"entity_type": "service_entry", "label": "org.springframework.samples.petclinic.vet.Vet.setSpecialtiesInternal", "id": "65", "properties": {"entry_type": "JavaMethod}"}}, {"entity_type": "service_entry", "label": "org.springframework.samples.petclinic.vet.VetController.VetController", "id": "66", "properties": {"entry_type": "JavaConstructor}"}}, {"entity_type": "service_entry", "label": "org.springframework.samples.petclinic.visit.Visit.getDate", "id": "67", "properties": {"entry_type": "JavaMethod}"}}, {"entity_type": "service_entry", "label": "org.springframework.samples.petclinic.visit.Visit.getDescription", "id": "68", "properties": {"entry_type": "JavaMethod}"}}, {"entity_type": "service_entry", "label": "org.springframework.samples.petclinic.visit.Visit.getPetId", "id": "69", "properties": {"entry_type": "JavaMethod}"}}, {"entity_type": "service_entry", "label": "org.springframework.samples.petclinic.visit.Visit.setDate", "id": "70", "properties": {"entry_type": "JavaMethod}"}}, {"entity_type": "service_entry", "label": "org.springframework.samples.petclinic.visit.Visit.setDescription", "id": "71", "properties": {"entry_type": "JavaMethod}"}}]}