{"org.springframework.samples.petclinic.owner.Pet":{"name":"org.springframework.samples.petclinic.owner.Pet","usedClassesToCount":{"org.springframework.beans.support.MutableSortDefinition":1,"org.springframework.samples.petclinic.visit.Visit":1,"org.springframework.beans.support.PropertyComparator":1,"org.springframework.samples.petclinic.model.BaseEntity":1},"usedByClassesToCount":{"org.springframework.samples.petclinic.owner.VisitController":2,"org.springframework.samples.petclinic.owner.Owner":1,"org.springframework.samples.petclinic.owner.PetController":2,"org.springframework.samples.petclinic.owner.PetValidator":2,"org.springframework.samples.petclinic.owner.OwnerController":1},"type":"both","superClass":"org.springframework.samples.petclinic.model.NamedEntity","implementedInterfaces":[],"dataHolder":false,"utilityClass":false},"org.springframework.samples.petclinic.visit.Visit":{"name":"org.springframework.samples.petclinic.visit.Visit","usedClassesToCount":{},"usedByClassesToCount":{"org.springframework.samples.petclinic.owner.Pet":1,"org.springframework.samples.petclinic.owner.VisitController":1},"type":"source","superClass":"org.springframework.samples.petclinic.model.BaseEntity","implementedInterfaces":[],"dataHolder":false,"utilityClass":false},"org.springframework.validation.Errors":{"name":"org.springframework.validation.Errors","usedClassesToCount":{},"usedByClassesToCount":{"org.springframework.samples.petclinic.owner.VisitController":1,"org.springframework.samples.petclinic.owner.PetController":3,"org.springframework.samples.petclinic.owner.PetValidator":1,"org.springframework.samples.petclinic.owner.OwnerController":3},"type":"source","superClass":"","implementedInterfaces":[],"dataHolder":false,"utilityClass":false},"org.springframework.validation.Validator":{"name":"org.springframework.validation.Validator","usedClassesToCount":{},"usedByClassesToCount":{"org.springframework.samples.petclinic.owner.PetValidator":2},"type":"source","superClass":"","implementedInterfaces":[],"dataHolder":false,"utilityClass":false},"org.springframework.format.Printer":{"name":"org.springframework.format.Printer","usedClassesToCount":{},"usedByClassesToCount":{"org.springframework.samples.petclinic.owner.PetTypeFormatter":1},"type":"source","superClass":"","implementedInterfaces":[],"dataHolder":false,"utilityClass":false},"org.springframework.boot.SpringApplication":{"name":"org.springframework.boot.SpringApplication","usedClassesToCount":{},"usedByClassesToCount":{"org.springframework.samples.petclinic.PetClinicApplication":1},"type":"source","superClass":"","implementedInterfaces":[],"dataHolder":false,"utilityClass":false},"org.springframework.ui.Model":{"name":"org.springframework.ui.Model","usedClassesToCount":{},"usedByClassesToCount":{"org.springframework.samples.petclinic.owner.OwnerController":1},"type":"source","superClass":"","implementedInterfaces":[],"dataHolder":false,"utilityClass":false},"org.springframework.beans.support.PropertyComparator":{"name":"org.springframework.beans.support.PropertyComparator","usedClassesToCount":{},"usedByClassesToCount":{"org.springframework.samples.petclinic.owner.Pet":1,"org.springframework.samples.petclinic.owner.Owner":1,"org.springframework.samples.petclinic.vet.Vet":1},"type":"source","superClass":"","implementedInterfaces":[],"dataHolder":false,"utilityClass":false},"org.springframework.samples.petclinic.vet.VetController":{"name":"org.springframework.samples.petclinic.vet.VetController","usedClassesToCount":{"org.springframework.samples.petclinic.vet.Vets":4,"org.springframework.samples.petclinic.vet.VetRepository":2},"usedByClassesToCount":{},"type":"sink","superClass":"","implementedInterfaces":[],"dataHolder":false,"utilityClass":false},"org.springframework.samples.petclinic.owner.PetTypeFormatter":{"name":"org.springframework.samples.petclinic.owner.PetTypeFormatter","usedClassesToCount":{"org.springframework.format.Parser":1,"org.springframework.samples.petclinic.model.NamedEntity":2,"org.springframework.format.Printer":1,"org.springframework.samples.petclinic.owner.PetRepository":1},"usedByClassesToCount":{},"type":"sink","superClass":"","implementedInterfaces":["org.springframework.format.Formatter.Formatter\u003corg.springframework.samples.petclinic.owner.PetType\u003e"],"dataHolder":false,"utilityClass":false},"org.springframework.samples.petclinic.owner.PetValidator":{"name":"org.springframework.samples.petclinic.owner.PetValidator","usedClassesToCount":{"org.springframework.samples.petclinic.owner.Pet":2,"org.springframework.validation.Errors":1,"org.springframework.samples.petclinic.model.BaseEntity":1,"org.springframework.validation.Validator":2,"org.springframework.samples.petclinic.model.NamedEntity":1,"org.springframework.util.StringUtils":1},"usedByClassesToCount":{"org.springframework.samples.petclinic.owner.PetController":1},"type":"both","superClass":"","implementedInterfaces":["org.springframework.validation.Validator"],"dataHolder":false,"utilityClass":false},"org.springframework.samples.petclinic.visit.VisitRepository":{"name":"org.springframework.samples.petclinic.visit.VisitRepository","usedClassesToCount":{},"usedByClassesToCount":{"org.springframework.samples.petclinic.owner.VisitController":2,"org.springframework.samples.petclinic.owner.OwnerController":1},"type":"source","superClass":"","implementedInterfaces":[],"dataHolder":false,"utilityClass":false},"org.springframework.samples.petclinic.owner.VisitController":{"name":"org.springframework.samples.petclinic.owner.VisitController","usedClassesToCount":{"org.springframework.samples.petclinic.owner.Pet":2,"org.springframework.samples.petclinic.visit.Visit":1,"org.springframework.validation.Errors":1,"org.springframework.validation.DataBinder":1,"org.springframework.samples.petclinic.visit.VisitRepository":2,"org.springframework.samples.petclinic.owner.PetRepository":1},"usedByClassesToCount":{},"type":"sink","superClass":"","implementedInterfaces":[],"dataHolder":false,"utilityClass":false},"org.springframework.beans.support.MutableSortDefinition":{"name":"org.springframework.beans.support.MutableSortDefinition","usedClassesToCount":{},"usedByClassesToCount":{"org.springframework.samples.petclinic.owner.Pet":1,"org.springframework.samples.petclinic.owner.Owner":1,"org.springframework.samples.petclinic.vet.Vet":1},"type":"source","superClass":"","implementedInterfaces":["org.springframework.beans.support.SortDefinition"],"dataHolder":false,"utilityClass":false},"org.springframework.samples.petclinic.model.BaseEntity":{"name":"org.springframework.samples.petclinic.model.BaseEntity","usedClassesToCount":{},"usedByClassesToCount":{"org.springframework.samples.petclinic.owner.Pet":1,"org.springframework.samples.petclinic.owner.Owner":4,"org.springframework.samples.petclinic.owner.PetController":1,"org.springframework.samples.petclinic.owner.PetValidator":1,"org.springframework.samples.petclinic.owner.OwnerController":4},"type":"source","superClass":"","implementedInterfaces":[],"dataHolder":false,"utilityClass":false},"org.springframework.format.Parser":{"name":"org.springframework.format.Parser","usedClassesToCount":{},"usedByClassesToCount":{"org.springframework.samples.petclinic.owner.PetTypeFormatter":1},"type":"source","superClass":"","implementedInterfaces":[],"dataHolder":false,"utilityClass":false},"org.springframework.validation.DataBinder":{"name":"org.springframework.validation.DataBinder","usedClassesToCount":{},"usedByClassesToCount":{"org.springframework.samples.petclinic.owner.VisitController":1,"org.springframework.samples.petclinic.owner.PetController":2,"org.springframework.samples.petclinic.owner.OwnerController":1},"type":"source","superClass":"","implementedInterfaces":["org.springframework.beans.PropertyEditorRegistry","org.springframework.beans.TypeConverter"],"dataHolder":false,"utilityClass":false},"org.springframework.samples.petclinic.PetClinicApplication":{"name":"org.springframework.samples.petclinic.PetClinicApplication","usedClassesToCount":{"org.springframework.boot.SpringApplication":1},"usedByClassesToCount":{},"type":"sink","superClass":"","implementedInterfaces":[],"dataHolder":false,"utilityClass":false},"org.springframework.core.style.ToStringCreator":{"name":"org.springframework.core.style.ToStringCreator","usedClassesToCount":{},"usedByClassesToCount":{"org.springframework.samples.petclinic.owner.Owner":4},"type":"source","superClass":"","implementedInterfaces":[],"dataHolder":false,"utilityClass":false},"org.springframework.samples.petclinic.vet.Vets":{"name":"org.springframework.samples.petclinic.vet.Vets","usedClassesToCount":{},"usedByClassesToCount":{"org.springframework.samples.petclinic.vet.VetController":4},"type":"source","superClass":"","implementedInterfaces":[],"dataHolder":false,"utilityClass":false},"org.springframework.samples.petclinic.model.NamedEntity":{"name":"org.springframework.samples.petclinic.model.NamedEntity","usedClassesToCount":{},"usedByClassesToCount":{"org.springframework.samples.petclinic.owner.Owner":1,"org.springframework.samples.petclinic.owner.PetTypeFormatter":2,"org.springframework.samples.petclinic.owner.PetController":1,"org.springframework.samples.petclinic.owner.PetValidator":1},"type":"source","superClass":"org.springframework.samples.petclinic.model.BaseEntity","implementedInterfaces":[],"dataHolder":false,"utilityClass":false},"org.springframework.samples.petclinic.vet.VetRepository":{"name":"org.springframework.samples.petclinic.vet.VetRepository","usedClassesToCount":{},"usedByClassesToCount":{"org.springframework.samples.petclinic.vet.VetController":2},"type":"source","superClass":"","implementedInterfaces":[],"dataHolder":false,"utilityClass":false},"org.springframework.samples.petclinic.owner.OwnerRepository":{"name":"org.springframework.samples.petclinic.owner.OwnerRepository","usedClassesToCount":{},"usedByClassesToCount":{"org.springframework.samples.petclinic.owner.PetController":1,"org.springframework.samples.petclinic.owner.OwnerController":5},"type":"source","superClass":"","implementedInterfaces":[],"dataHolder":false,"utilityClass":false},"org.springframework.web.servlet.ModelAndView":{"name":"org.springframework.web.servlet.ModelAndView","usedClassesToCount":{},"usedByClassesToCount":{"org.springframework.samples.petclinic.owner.OwnerController":2},"type":"source","superClass":"","implementedInterfaces":[],"dataHolder":false,"utilityClass":false},"org.springframework.samples.petclinic.owner.Owner":{"name":"org.springframework.samples.petclinic.owner.Owner","usedClassesToCount":{"org.springframework.samples.petclinic.owner.Pet":1,"org.springframework.beans.support.MutableSortDefinition":1,"org.springframework.samples.petclinic.model.BaseEntity":4,"org.springframework.samples.petclinic.model.Person":2,"org.springframework.beans.support.PropertyComparator":1,"org.springframework.core.style.ToStringCreator":4,"org.springframework.samples.petclinic.model.NamedEntity":1},"usedByClassesToCount":{"org.springframework.samples.petclinic.owner.PetController":4,"org.springframework.samples.petclinic.owner.OwnerController":3},"type":"both","superClass":"org.springframework.samples.petclinic.model.Person","implementedInterfaces":[],"dataHolder":false,"utilityClass":false},"org.springframework.samples.petclinic.model.Person":{"name":"org.springframework.samples.petclinic.model.Person","usedClassesToCount":{},"usedByClassesToCount":{"org.springframework.samples.petclinic.owner.Owner":2,"org.springframework.samples.petclinic.owner.OwnerController":2},"type":"source","superClass":"org.springframework.samples.petclinic.model.BaseEntity","implementedInterfaces":[],"dataHolder":false,"utilityClass":false},"org.springframework.samples.petclinic.owner.PetController":{"name":"org.springframework.samples.petclinic.owner.PetController","usedClassesToCount":{"org.springframework.samples.petclinic.owner.Pet":2,"org.springframework.samples.petclinic.owner.Owner":4,"org.springframework.validation.Errors":3,"org.springframework.samples.petclinic.model.BaseEntity":1,"org.springframework.validation.DataBinder":2,"org.springframework.samples.petclinic.owner.PetValidator":1,"org.springframework.samples.petclinic.model.NamedEntity":1,"org.springframework.samples.petclinic.owner.OwnerRepository":1,"org.springframework.util.StringUtils":1,"org.springframework.samples.petclinic.owner.PetRepository":4},"usedByClassesToCount":{},"type":"sink","superClass":"","implementedInterfaces":[],"dataHolder":false,"utilityClass":false},"org.springframework.samples.petclinic.owner.OwnerController":{"name":"org.springframework.samples.petclinic.owner.OwnerController","usedClassesToCount":{"org.springframework.samples.petclinic.owner.Pet":1,"org.springframework.web.servlet.ModelAndView":2,"org.springframework.samples.petclinic.owner.Owner":3,"org.springframework.ui.Model":1,"org.springframework.validation.Errors":3,"org.springframework.samples.petclinic.model.Person":2,"org.springframework.samples.petclinic.model.BaseEntity":4,"org.springframework.validation.DataBinder":1,"org.springframework.samples.petclinic.visit.VisitRepository":1,"org.springframework.samples.petclinic.owner.OwnerRepository":5},"usedByClassesToCount":{},"type":"sink","superClass":"","implementedInterfaces":[],"dataHolder":false,"utilityClass":false},"org.springframework.samples.petclinic.vet.Vet":{"name":"org.springframework.samples.petclinic.vet.Vet","usedClassesToCount":{"org.springframework.beans.support.MutableSortDefinition":1,"org.springframework.beans.support.PropertyComparator":1},"usedByClassesToCount":{},"type":"sink","superClass":"org.springframework.samples.petclinic.model.Person","implementedInterfaces":[],"dataHolder":false,"utilityClass":false},"org.springframework.util.StringUtils":{"name":"org.springframework.util.StringUtils","usedClassesToCount":{},"usedByClassesToCount":{"org.springframework.samples.petclinic.owner.PetController":1,"org.springframework.samples.petclinic.owner.PetValidator":1},"type":"source","superClass":"","implementedInterfaces":[],"dataHolder":false,"utilityClass":true},"org.springframework.samples.petclinic.owner.PetRepository":{"name":"org.springframework.samples.petclinic.owner.PetRepository","usedClassesToCount":{},"usedByClassesToCount":{"org.springframework.samples.petclinic.owner.VisitController":1,"org.springframework.samples.petclinic.owner.PetTypeFormatter":1,"org.springframework.samples.petclinic.owner.PetController":4},"type":"source","superClass":"","implementedInterfaces":[],"dataHolder":false,"utilityClass":false}}
