{"all":{"Vet":{"Subgraph1":{"relocate_to":{"cluster":"","class":"ClinicServiceTests"},"methods":["getNrOfSpecialties()","getSpecialties()","setSpecialtiesInternal(Set)","getSpecialtiesInternal()","addSpecialty(Specialty)"],"written_variables":{"specialties_Vet":{"field":"specialties","class":"Vet"}},"Subgraph":{"method_call_details_1":{"method_1":"getNrOfSpecialties()","called_by_1":{"ClinicServiceTests_shouldFindVets()":{"method":"shouldFindVets()","class":"ClinicServiceTests"}}},"method_call_details_2":{"method_2":"getSpecialties()","called_by_2":{"ClinicServiceTests_shouldFindVets()":{"method":"shouldFindVets()","class":"ClinicServiceTests"}}},"method_call_details_3":{"method_3":"setSpecialtiesInternal(Set)"},"method_call_details_4":{"method_4":"getSpecialtiesInternal()"},"method_call_details_5":{"method_5":"addSpecialty(Specialty)","called_by_5":{"VetControllerTests_setup()":{"method":"setup()","class":"VetControllerTests"}}}},"caller_classes":["ClinicServiceTests","VetControllerTests"],"called_classes":[],"read_variables":{"specialties_Vet":{"field":"specialties","class":"Vet"}}}},"Visit":{"Subgraph1":{"relocate_to":{"cluster":"","class":"ClinicServiceTests"},"methods":["getPetId()","setDate(LocalDate)","getDescription()","setDescription(String)","getDate()","setPetId(Integer)"],"written_variables":{"petId_Visit":{"field":"petId","class":"Visit"},"date_Visit":{"field":"date","class":"Visit"},"description_Visit":{"field":"description","class":"Visit"}},"Subgraph":{"method_call_details_1":{"method_1":"getPetId()","called_by_1":{"ClinicServiceTests_shouldFindVisitsByPetId()":{"method":"shouldFindVisitsByPetId()","class":"ClinicServiceTests"}}},"method_call_details_2":{"method_2":"setDate(LocalDate)","called_by_2":{"OwnerControllerTests_setup()":{"method":"setup()","class":"OwnerControllerTests"}}},"method_call_details_3":{"method_3":"getDescription()"},"method_call_details_4":{"method_4":"setDescription(String)","called_by_4":{"ClinicServiceTests_shouldAddNewVisitForPet()":{"method":"shouldAddNewVisitForPet()","class":"ClinicServiceTests"}}},"method_call_details_5":{"method_5":"getDate()","called_by_5":{"ClinicServiceTests_shouldFindVisitsByPetId()":{"method":"shouldFindVisitsByPetId()","class":"ClinicServiceTests"}}},"method_call_details_6":{"method_6":"setPetId(Integer)"}},"caller_classes":["ClinicServiceTests","OwnerControllerTests"],"called_classes":[],"read_variables":{"petId_Visit":{"field":"petId","class":"Visit"},"date_Visit":{"field":"date","class":"Visit"},"description_Visit":{"field":"description","class":"Visit"}}}},"PetTypeFormatter":{"Subgraph1":{"relocate_to":{"cluster":"","class":"PetTypeFormatterTests"},"methods":["print(PetType, Locale)","parse(String, Locale)"],"written_variables":{"pets_PetTypeFormatter":{"field":"pets","class":"PetTypeFormatter"}},"Subgraph":{"method_call_details_1":{"method_1":"print(PetType, Locale)","calls_1":{"NamedEntity_getName()":{"method":"getName()","class":"NamedEntity","cluster":"VisitController_service"}},"called_by_1":{"PetTypeFormatterTests_testPrint()":{"method":"testPrint()","class":"PetTypeFormatterTests"}}},"method_call_details_2":{"method_2":"parse(String, Locale)","calls_2":{"PetRepository_findPetTypes()":{"method":"findPetTypes()","class":"PetRepository","cluster":"PetController_service"},"NamedEntity_getName()":{"method":"getName()","class":"NamedEntity","cluster":"VisitController_service"}},"called_by_2":{"PetTypeFormatterTests_shouldThrowParseException()":{"method":"shouldThrowParseException()","class":"PetTypeFormatterTests"},"PetTypeFormatterTests_shouldParse()":{"method":"shouldParse()","class":"PetTypeFormatterTests"}}}},"caller_classes":["PetTypeFormatterTests"],"called_classes":["NamedEntity","PetRepository"],"read_variables":{"pets_PetTypeFormatter":{"field":"pets","class":"PetTypeFormatter"}}}}}}